arquivo,ano,uf,n_registros,n_colunas_fonte,n_colunas_parquet,hash_md5,tamanho_bytes,data_processamento
DNRAC1994.dbc,1994,AC,12127,27,27,7ae53d2fa0a9d327a478f4d566f233a4,213939,2026-03-07 23:04:55.529382
DNRAL1994.dbc,1994,AL,51985,27,27,c4284c03b052a53cadfd7ea9b79401e6,874682,2026-03-07 23:05:01.137963
DNRAM1994.dbc,1994,AM,47780,27,27,f9f79feb75c56b013257e624fa8be9b5,851733,2026-03-07 23:05:06.537934
DNRAP1994.dbc,1994,AP,10859,27,27,a7f4c6f8f74be7dda66d0f3bb9e3df09,169179,2026-03-07 23:05:10.262298
DNRBA1994.dbc,1994,BA,141343,27,27,bdd76c9c5acbb844f6b15cbc27ebd790,2533591,2026-03-07 23:05:18.36637
DNRCE1994.dbc,1994,CE,87021,27,27,dc356a97c7f9dfaac3ea361c844ffd40,1495562,2026-03-07 23:05:24.774095
DNRDF1994.dbc,1994,DF,43138,27,27,f405fa44fa594e4a9c0c766a5ce8d4c1,745685,2026-03-07 23:05:29.692075
DNRES1994.dbc,1994,ES,54194,27,27,40cccca317452371f22eeff40fb21a55,962734,2026-03-07 23:05:34.817918
DNRGO1994.dbc,1994,GO,63583,27,27,86c8a8af274d70262d9cde2576511335,1261513,2026-03-07 23:05:40.752175
DNRMA1994.dbc,1994,MA,58518,27,27,cfadb94365f61c678ea321a7b69583a7,997383,2026-03-07 23:05:47.386567
DNRMG1994.dbc,1994,MG,62144,27,27,9bd42e49ce84702387cfd918c2384bcf,1179124,2026-03-07 23:05:52.793591
DNRMS1994.dbc,1994,MS,45213,27,27,5aadd0b38fb989ae6fc01cc9f1528c73,803922,2026-03-07 23:05:58.018038
DNRMT1994.dbc,1994,MT,35736,27,27,9c72ecc3033dc1d8ff26acff3c6b097e,652272,2026-03-07 23:06:02.707554
DNRPA1994.dbc,1994,PA,92213,27,27,9f5df543ff72bf0bf8e062d983b8dfc7,1551008,2026-03-07 23:06:08.842435
DNRPB1994.dbc,1994,PB,35026,27,27,ca263c82c7f85ae1fdcc6416b224fbef,599658,2026-03-07 23:06:13.373812
DNRPE1994.dbc,1994,PE,143738,27,27,140d5e6032ca24fd2760f8dd69ab92b2,2482297,2026-03-07 23:06:21.282913
DNRPI1994.dbc,1994,PI,32293,27,27,05a35999c42871006b23425697f83aa1,507879,2026-03-07 23:06:25.584847
DNRPR1994.dbc,1994,PR,201530,27,27,036b7d092e879ae176c62095c53834d1,3609216,2026-03-07 23:06:35.684214
DNRRJ1994.dbc,1994,RJ,268173,27,27,9db52d92aea3b94ef742fa1a30b6df01,4400329,2026-03-07 23:06:47.477683
DNRRN1994.dbc,1994,RN,30328,27,27,e640c00af812a9a038dd80f49a14a973,545910,2026-03-07 23:06:52.465804
DNRRO1994.dbc,1994,RO,29557,27,27,01a8db1d3c6858170b862a828d88831c,426995,2026-03-07 23:06:57.051912
DNRRR1994.dbc,1994,RR,4302,27,27,23ad46bdc2e1327baef42eb300f7336b,71742,2026-03-07 23:07:00.654457
DNRRS1994.dbc,1994,RS,188666,27,27,50a7090b73dc362853601f45ea162f56,3580156,2026-03-07 23:07:10.798135
DNRSC1994.dbc,1994,SC,85531,27,27,e79cf3cfa42a3e94ef2a10d1508da15c,1378985,2026-03-07 23:07:16.493546
DNRSE1994.dbc,1994,SE,36856,27,27,355b13ee92dab92ffc90ae179ddae59c,491260,2026-03-07 23:07:20.707626
DNRSP1994.dbc,1994,SP,689577,27,27,8f549e9dd2d6099b31906dc55caa29c9,8365013,2026-03-07 23:07:37.613411
DNRTO1994.dbc,1994,TO,20140,27,27,6817f35d234fbf5949ecb74c98c8f490,372819,2026-03-07 23:07:41.570523
DNRAC1995.dbc,1995,AC,12635,27,27,828dfdd041fdedc8abd34681c8e04cf2,222112,2026-03-07 23:07:48.75461
DNRAL1995.dbc,1995,AL,66642,27,27,090c296b87865971bc2f096a39858962,1144727,2026-03-07 23:07:54.52619
DNRAM1995.dbc,1995,AM,47966,27,27,f636ae252a866795ba41917356e622c1,780340,2026-03-07 23:07:59.45715
DNRAP1995.dbc,1995,AP,12123,27,27,25a1ef16abe73d2f730e1cd6e775c416,193710,2026-03-07 23:08:03.202307
DNRBA1995.dbc,1995,BA,163494,27,27,7a127b78bc8a400b0a715aa7dd46e960,2946252,2026-03-07 23:08:12.342151
DNRCE1995.dbc,1995,CE,119228,27,27,5bfe71524b7fa8e6ebb2e1d6cdbcc395,2068756,2026-03-07 23:08:19.425383
DNRDF1995.dbc,1995,DF,47438,27,27,e8938bbcec5fa0a5ce76138c79af2821,819369,2026-03-07 23:08:24.221666
DNRES1995.dbc,1995,ES,59790,27,27,3823e50c43207a1e5793db52153a61d6,1097972,2026-03-07 23:08:29.21265
DNRGO1995.dbc,1995,GO,100794,27,27,4c69bd16291dd69a846d700546c4ccce,2035213,2026-03-07 23:08:36.330074
DNRMA1995.dbc,1995,MA,56387,27,27,344ec0bce9fdb492720b2b983512f9c3,1048943,2026-03-07 23:08:41.978614
DNRMG1995.dbc,1995,MG,122796,27,27,e5afa586dfb9b6c861a77c57c57f199d,2376558,2026-03-07 23:08:49.459221
DNRMS1995.dbc,1995,MS,45425,27,27,9b4e73ecad2cc07b810797a17a0fed90,826321,2026-03-07 23:08:54.387115
DNRMT1995.dbc,1995,MT,48581,27,27,140205de82b268d41ea98bf6f6c2097d,886987,2026-03-07 23:08:59.81439
DNRPA1995.dbc,1995,PA,96159,27,27,38b548b1a89ed124f82134a1302d3efa,1653025,2026-03-07 23:09:06.205314
DNRPB1995.dbc,1995,PB,26642,27,27,3f0b1088d91083e9a22075d144d99572,474432,2026-03-07 23:09:10.838122
DNRPE1995.dbc,1995,PE,161290,27,27,2d8658c9194d740677d77045f1562c8b,2864470,2026-03-07 23:09:19.630517
DNRPI1995.dbc,1995,PI,38209,27,27,7c615b128d3b3ea0851e9bb167439e8a,570781,2026-03-07 23:09:24.235772
DNRPR1995.dbc,1995,PR,195838,27,27,97206b4d629a0b9126fcdc75d8031cd3,3634210,2026-03-07 23:09:33.934785
DNRRJ1995.dbc,1995,RJ,266463,27,27,06e078fef658b893661fd92149890bfe,4493717,2026-03-07 23:09:45.551398
DNRRN1995.dbc,1995,RN,59886,27,27,fd8064c0dae67d66725710cda48f059f,1062750,2026-03-07 23:09:51.307279
DNRRO1995.dbc,1995,RO,28984,27,27,59fd57dac80ed602c268d654effac0ca,460770,2026-03-07 23:09:55.431533
DNRRR1995.dbc,1995,RR,7020,27,27,639c23215b8e1868529935001a6d627e,117850,2026-03-07 23:09:59.134175
DNRRS1995.dbc,1995,RS,188351,27,27,5ca768c186440a4518a5fae40799822c,3847158,2026-03-07 23:10:09.17643
DNRSC1995.dbc,1995,SC,98776,27,27,d86dc3d9dfe94be269852526fcc76aed,1623373,2026-03-07 23:10:15.613035
DNRSE1995.dbc,1995,SE,40316,27,27,bca8cff6f44903f97d9a9380759b9751,608788,2026-03-07 23:10:20.290498
DNRSP1995.dbc,1995,SP,691370,27,27,f727c21cbfa4b0409ed71d3899210d59,7443028,2026-03-07 23:10:36.245123
DNRTO1995.dbc,1995,TO,22126,27,27,a03b9e80551d66d0e810414af92f6db3,415970,2026-03-07 23:10:40.819076
DNAC1996.dbc,1996,AC,14236,21,21,3457e3211f3aac4745bc5d7643dc4a96,247527,2026-03-07 23:10:48.434708
DNAL1996.dbc,1996,AL,65225,21,21,d1d4fc131c250d3da36acd9fea392b18,1209870,2026-03-07 23:10:53.802732
DNAM1996.dbc,1996,AM,49112,21,21,18621a18db8e63812927e3d5e5790792,854425,2026-03-07 23:10:58.426741
DNAP1996.dbc,1996,AP,14033,21,21,918e74161542537b248b8c3ffb6f7287,243595,2026-03-07 23:11:02.681329
DNBA1996.dbc,1996,BA,198253,21,21,a865f0666d40e58775d225f0ccf93823,3857716,2026-03-07 23:11:11.789745
DNCE1996.dbc,1996,CE,117264,21,21,50887fd60d10a5d40fd8cd48459a4cb9,2266661,2026-03-07 23:11:18.53534
DNDF1996.dbc,1996,DF,46767,21,21,c9762abe6e5082ac76d9088362a0dab3,845126,2026-03-07 23:11:23.558131
DNES1996.dbc,1996,ES,55642,21,21,ce1c66b7d07a24d4e04b3da8bc05d638,1056361,2026-03-07 23:11:28.489743
DNGO1996.dbc,1996,GO,99482,21,21,da8805dae9601e210113d4330f7e1e4e,1998094,2026-03-07 23:11:34.60773
DNMA1996.dbc,1996,MA,61056,21,21,ea32dcad601b3142b5780ab9b1fc513d,1157775,2026-03-07 23:11:39.559731
DNMG1996.dbc,1996,MG,175943,21,21,bed80787cf46726a0e57bf306d43347e,3698181,2026-03-07 23:11:48.663477
DNMS1996.dbc,1996,MS,43484,21,21,3181ebe284c2a10c4a190d5fd07c229b,803791,2026-03-07 23:11:53.586049
DNMT1996.dbc,1996,MT,50052,21,21,b843fc8f4cf799dc52641f509cbb5c76,927914,2026-03-07 23:11:58.658655
DNPA1996.dbc,1996,PA,99173,21,21,7a152d92e4d6cb8e1e246b7d4ce91022,1847356,2026-03-07 23:12:05.16047
DNPB1996.dbc,1996,PB,50115,21,21,08965850cd3312627bfa201846e4918a,974252,2026-03-07 23:12:10.277587
DNPE1996.dbc,1996,PE,156509,21,21,3f049f6143d6a91a4f1cb96e4f08ca3a,3030195,2026-03-07 23:12:18.670075
DNPI1996.dbc,1996,PI,39142,21,21,a453f2479a3f8ffa713072b2dde812da,708934,2026-03-07 23:12:23.243857
DNPR1996.dbc,1996,PR,196429,21,21,4a03873d6bde0843cb24cd14dc73712f,3740333,2026-03-07 23:12:32.211127
DNRJ1996.dbc,1996,RJ,268549,21,21,a12c61d563c755d558214a10ca3179f1,5179452,2026-03-07 23:12:44.068105
DNRN1996.dbc,1996,RN,57744,21,21,79e05b7b72bd40605ede8bfc766d6796,1157264,2026-03-07 23:12:49.038347
DNRO1996.dbc,1996,RO,32233,21,21,2aec65c655d3b6f4c9985b41d3c28ad1,592851,2026-03-07 23:12:53.398871
DNRR1996.dbc,1996,RR,7378,21,21,2484998f664356f8003afab326692e6a,139585,2026-03-07 23:12:57.040779
DNRS1996.dbc,1996,RS,182140,21,21,1625671ee5a2df72498dc0bd66175da6,3709967,2026-03-07 23:13:06.21686
DNSC1996.dbc,1996,SC,100310,21,21,7240f34542c7f8f8d40218841e20b90d,1919172,2026-03-07 23:13:12.291169
DNSE1996.dbc,1996,SE,42055,21,21,085dbadbf5d8faa5733297a80b3d4974,769332,2026-03-07 23:13:16.897667
DNSP1996.dbc,1996,SP,699013,21,21,a7516f9d568a2657015ab6ba75e2102b,8787324,2026-03-07 23:13:35.445937
DNTO1996.dbc,1996,TO,24086,21,21,9229628e6c148d2523392deb9547c1c8,493310,2026-03-07 23:13:40.02603
DNAC1997.dbc,1997,AC,14778,21,21,da8dde5272dcc1a111fa7ab566051264,266815,2026-03-07 23:18:44.281999
DNAL1997.dbc,1997,AL,67085,21,21,0e3fce010baa1d04dbc802dab22ce744,1275240,2026-03-07 23:18:50.118412
DNAM1997.dbc,1997,AM,56070,21,21,0428c5359d61e624230e77f969da80e7,1009087,2026-03-07 23:18:54.96071
DNAP1997.dbc,1997,AP,14319,21,21,0fc98f24c0461aeab73fe7d84270958e,254892,2026-03-07 23:18:59.155049
DNBA1997.dbc,1997,BA,229256,22,22,e1486998d512f2f3fc142c71961c0068,4603625,2026-03-07 23:19:09.634056
DNCE1997.dbc,1997,CE,135356,21,21,c9f5473923ecb5fa84eda069cb013a57,2638478,2026-03-07 23:19:17.415909
DNDF1997.dbc,1997,DF,46855,21,21,f541e3d1005c2ca334997174be2d6a27,885531,2026-03-07 23:19:22.311044
DNES1997.dbc,1997,ES,60188,21,21,3cd11c9789efe2782624b8df9c5c2d6a,1147799,2026-03-07 23:19:27.912126
DNGO1997.dbc,1997,GO,101336,21,21,e2cf634115edf727fc096173b3ef260b,1977231,2026-03-07 23:19:34.577208
DNMA1997.dbc,1997,MA,75392,21,21,94dc021a2300bdaac38afa3a0a575c85,1466188,2026-03-07 23:19:40.432827
DNMG1997.dbc,1997,MG,192014,21,21,dbe0dbe1017a05f6e210a875e49fb4d8,4133272,2026-03-07 23:19:50.010656
DNMS1997.dbc,1997,MS,43420,21,21,9b91aff5d595af7f54d849bb8f061030,811767,2026-03-07 23:19:54.712329
DNMT1997.dbc,1997,MT,50335,21,21,92776d31795d716b9ceb8169957e35ef,944578,2026-03-07 23:19:59.632833
DNPA1997.dbc,1997,PA,109095,21,21,cf6f81dac1c74292871efa25c75c2c30,2023780,2026-03-07 23:20:06.536317
DNPB1997.dbc,1997,PB,40419,21,21,004aec19756a164ef08eacb1782e5383,824241,2026-03-07 23:20:11.079365
DNPE1997.dbc,1997,PE,152932,22,22,adac1875cf9ec0a6100469dc71c123d6,3039582,2026-03-07 23:20:19.314481
DNPI1997.dbc,1997,PI,32422,21,21,7f9a2a99e062fe87c737fb4423396602,594119,2026-03-07 23:20:23.687566
DNPR1997.dbc,1997,PR,192757,21,21,c65052ede9c8bb6a2e22ce9007624692,3671063,2026-03-07 23:20:32.549423
DNRJ1997.dbc,1997,RJ,268968,23,23,6a3bbf434fced7708366d920c5d4af6c,5361676,2026-03-07 23:20:44.64204
DNRN1997.dbc,1997,RN,57088,21,21,f50ffdceea960ac94289daa753e0e188,1140560,2026-03-07 23:20:50.104181
DNRO1997.dbc,1997,RO,30070,21,21,d969ecc172d43d834cd01c09509c8836,557680,2026-03-07 23:20:54.927695
DNRR1997.dbc,1997,RR,8101,21,21,2f49718817a2c00dd8246086f0d4b50c,156539,2026-03-07 23:20:58.431083
DNRS1997.dbc,1997,RS,180760,21,21,bf83105baa8404f3ef71fd086bb6c85b,3551833,2026-03-07 23:21:07.347037
DNSC1997.dbc,1997,SC,97717,21,21,a96e1a45bdf1d2789b9e7f6032bd408b,1881190,2026-03-07 23:21:13.64054
DNSE1997.dbc,1997,SE,42416,21,21,81899a8a8ea27e40b5fef4d3296a93b9,788668,2026-03-07 23:21:18.703654
DNSP1997.dbc,1997,SP,701947,21,21,434c19b1965be1a9e2cae29efa588f0c,13853477,2026-03-07 23:21:43.41306
DNTO1997.dbc,1997,TO,25562,21,21,102f8f4a07e6ae068123025d57564040,527828,2026-03-07 23:21:47.700076
DNAC1998.dbc,1998,AC,13291,21,21,4ef61d6f95a13acd3bc8aa6e4ee452de,242404,2026-03-07 23:21:56.013569
DNAL1998.dbc,1998,AL,65332,21,21,64785429c7b0baa2ac76e127c9829764,1232384,2026-03-07 23:22:01.892602
DNAM1998.dbc,1998,AM,57180,21,21,ea23ed2a50f3303246f98f5c7ea18e7e,1038386,2026-03-07 23:22:07.358212
DNAP1998.dbc,1998,AP,14450,21,21,694fcc5217ed13999380a1aaa51b33f4,256461,2026-03-07 23:22:11.387859
DNBA1998.dbc,1998,BA,234630,21,21,e1c92f3c10f48edbf01844f155d9c411,4558287,2026-03-07 23:22:21.600572
DNCE1998.dbc,1998,CE,139743,21,21,323f772f6f825d17162247c073f38fd1,2715152,2026-03-07 23:22:29.262459
DNDF1998.dbc,1998,DF,48418,21,21,9dd8642c8d9f4a541fa9f6fbf15426ac,897587,2026-03-07 23:22:34.392845
DNES1998.dbc,1998,ES,58526,21,21,819c1f3e2fbeaa12bdcf19e2176967d3,1130610,2026-03-07 23:22:39.900085
DNGO1998.dbc,1998,GO,99526,21,21,0ebe8d4e3429091964841de6714458cb,1944193,2026-03-07 23:22:46.081061
DNMA1998.dbc,1998,MA,79272,21,21,68abe8556ccd8fd600f31bfb66220298,1522051,2026-03-07 23:22:52.239973
DNMG1998.dbc,1998,MG,295364,21,21,d14bf227246f58fd793abd6a3868f6b0,5699025,2026-03-07 23:23:04.847715
DNMS1998.dbc,1998,MS,41917,21,21,45b8126e18b1782a59762aa1aa9ee62c,774508,2026-03-07 23:23:09.996756
DNMT1998.dbc,1998,MT,49042,21,21,11abb7e38faef49c3ca87ee2f4ec6a07,933609,2026-03-07 23:23:14.614494
DNPA1998.dbc,1998,PA,116551,21,21,c47fcc91447c641d7f13306bbf2d2cc6,2183607,2026-03-07 23:23:21.616934
DNPB1998.dbc,1998,PB,52278,21,21,a5444cbd5018295e9206bce69434b313,1051617,2026-03-07 23:23:27.139143
DNPE1998.dbc,1998,PE,161249,21,21,cdf7ac6695f6ee8f2c474e32b3d15542,3161231,2026-03-07 23:23:35.734697
DNPI1998.dbc,1998,PI,46753,21,21,61a64dbc17796926a98fd8551cc3f488,881089,2026-03-07 23:23:40.669108
DNPR1998.dbc,1998,PR,185378,21,21,2b0309eee3c804c7a0f03d5cf445d28c,3539316,2026-03-07 23:23:49.568066
DNRJ1998.dbc,1998,RJ,258284,21,21,e15714d3e080783f5be7f164ee523f40,5014957,2026-03-07 23:24:00.75323
DNRN1998.dbc,1998,RN,57394,21,21,bd91199db5783280cea0f85ca8aa189d,1126402,2026-03-07 23:24:05.726435
DNRO1998.dbc,1998,RO,30964,21,21,b5b870ba4d73986c2a19a79a3c809eea,572790,2026-03-07 23:24:10.312558
DNRR1998.dbc,1998,RR,8223,21,21,44d07ca7e072a705164eb6ecf7e1df77,160013,2026-03-07 23:24:13.866655
DNRS1998.dbc,1998,RS,177538,21,21,881a5aa4fa8b54b239e4add74053fe6e,3500761,2026-03-07 23:24:22.255576
DNSC1998.dbc,1998,SC,96123,21,21,7c30fd74f84cef896ba85c896db88a74,1858320,2026-03-07 23:24:28.845649
DNSE1998.dbc,1998,SE,41525,21,21,0c4c1057f6a6e4f3bfaf2d683f580c62,778269,2026-03-07 23:24:33.328068
DNSP1998.dbc,1998,SP,693413,21,21,aaf23305b2ad05015361fd70799af6e6,13538181,2026-03-07 23:24:57.263383
DNTO1998.dbc,1998,TO,25673,21,21,a68d632ee19ec8c53d9b64c8c50e226f,529508,2026-03-07 23:25:01.500651
DNAC1999.dbc,1999,AC,14939,21,21,f7af9fda657487fedb694dc9048201a0,271436,2026-03-07 23:25:10.247427
DNAL1999.dbc,1999,AL,65517,22,22,56b72017a6a1c5fbe50cf0023d7708a5,1496900,2026-03-07 23:25:15.753664
DNAM1999.dbc,1999,AM,62037,21,21,746af8a8cbec3b506ee124ecc6bfb738,1211798,2026-03-07 23:25:21.4353
DNAP1999.dbc,1999,AP,13592,22,22,5f6d5a22cab6e856a577de393e67d888,243251,2026-03-07 23:25:25.324976
DNBA1999.dbc,1999,BA,242721,21,21,ddf073f26069bce0dacfbe1125b865f0,4829930,2026-03-07 23:25:35.752331
DNCE1999.dbc,1999,CE,143101,21,21,32880dc7324f5f4b8e4c6c660dc78c41,2889968,2026-03-07 23:25:43.566107
DNDF1999.dbc,1999,DF,49349,20,20,837427e193ef51c4d9dd78d9776ac570,939590,2026-03-07 23:25:48.764431
DNES1999.dbc,1999,ES,60800,20,20,45f2dd02ae08a66faae3543e112d3487,1191501,2026-03-07 23:25:54.400183
DNGO1999.dbc,1999,GO,94017,20,20,c012a75da7ea2b81184455078ae707bb,1866188,2026-03-07 23:26:00.663502
DNMA1999.dbc,1999,MA,96587,21,21,c6cfe8d13618b606fe152fdee6aa8ac5,1798313,2026-03-07 23:26:06.59657
DNMG1999.dbc,1999,MG,307751,21,21,fe2393916484d319faddec97552d5c7e,5760946,2026-03-07 23:26:18.889177
DNMS1999.dbc,1999,MS,41859,21,21,738982515729ae70686d31450380f01d,748318,2026-03-07 23:26:23.982677
DNMT1999.dbc,1999,MT,48933,21,21,40f32c720093ec0ec696a6c689e6439f,906295,2026-03-07 23:26:28.799326
DNPA1999.dbc,1999,PA,127417,21,21,3638092064c29e1294cd148411d84742,2313964,2026-03-07 23:26:36.064195
DNPB1999.dbc,1999,PB,54510,20,20,0a521754cb57c089e9e833174d4d0db1,1076880,2026-03-07 23:26:41.593095
DNPE1999.dbc,1999,PE,164601,21,21,85f3c04a6f21d2e5162582b4cef68e94,3444263,2026-03-07 23:26:50.484197
DNPI1999.dbc,1999,PI,49436,21,21,cb5f3ccf5f5619814d88974f88f8978c,970542,2026-03-07 23:26:55.434319
DNPR1999.dbc,1999,PR,186675,21,21,960ed43de3cd8c89785150482c46a011,3580089,2026-03-07 23:27:04.403449
DNRJ1999.dbc,1999,RJ,268213,21,21,1ea29eccee9d81451d9a8149925822c8,5150403,2026-03-07 23:27:16.274825
DNRN1999.dbc,1999,RN,57937,21,21,9bf79b42bda37dcfd7e05bb5853f4501,1156100,2026-03-07 23:27:21.511546
DNRO1999.dbc,1999,RO,31077,21,21,bd662271a6edff956b7fd61acdb3e64a,610095,2026-03-07 23:27:26.360399
DNRR1999.dbc,1999,RR,9669,21,21,5c36e90566510c8cda6d3e50100bf310,167268,2026-03-07 23:27:30.344711
DNRS1999.dbc,1999,RS,184797,21,21,8e35a5f31947c33622e1c50b76daed54,3668923,2026-03-07 23:27:39.245025
DNSC1999.dbc,1999,SC,98854,21,21,d18ff413e13a27761d241322eade370e,1929956,2026-03-07 23:27:45.614422
DNSE1999.dbc,1999,SE,41118,22,22,bafdecf92fd49191020629385b919dd8,821377,2026-03-07 23:27:50.700727
DNSP1999.dbc,1999,SP,714428,21,21,5c10062d95d9f9d60160b0a44d6edf66,14252855,2026-03-07 23:28:15.373865
DNTO1999.dbc,1999,TO,26498,21,21,6c78b2c2650c8a8ebff155ad29a2097f,558129,2026-03-07 23:28:19.571554
DNAC2000.dbc,2000,AC,15228,20,20,3e455df1d610c11ff43dfe1b90e18956,287826,2026-03-07 23:28:28.150894
DNAL2000.dbc,2000,AL,65763,20,20,a2839e5d6d93458f30735f4df2bff28e,1298888,2026-03-07 23:28:33.601458
DNAM2000.dbc,2000,AM,67646,20,20,b5a9ca3f54d8177e440f08637e6a064d,1265057,2026-03-07 23:28:39.156216
DNAP2000.dbc,2000,AP,14238,20,20,ee88c88067212d1b2a0e840f6be978a0,259944,2026-03-07 23:28:43.50943
DNBA2000.dbc,2000,BA,239530,26,26,3e49e29b1a2dea25fc7c244a9d7f8e6b,5235590,2026-03-07 23:28:55.279227
DNCE2000.dbc,2000,CE,143393,20,20,b3501bb78fa6120bc9a983fe791206b7,2845236,2026-03-07 23:29:03.413879
DNDF2000.dbc,2000,DF,47991,20,20,13b20d8496276b9c5c89e740a77e6fc7,914426,2026-03-07 23:29:08.178133
DNES2000.dbc,2000,ES,58380,20,20,45b36daac35bbdaed294e1e33c9599d9,1159191,2026-03-07 23:29:13.197289
DNGO2000.dbc,2000,GO,94746,20,20,8ad379dd0761f0ac9ac37560f05f6bde,1896276,2026-03-07 23:29:20.01995
DNMA2000.dbc,2000,MA,100811,20,20,197eba9a21dcd35f256ec08c96f03834,1942124,2026-03-07 23:29:26.599936
DNMG2000.dbc,2000,MG,300958,20,20,856fc6800641cc0b46235d31c5ac24ed,6007031,2026-03-07 23:29:39.365488
DNMS2000.dbc,2000,MS,40490,20,20,1d1d4f338c18c22dafedc88d617fbc5b,776245,2026-03-07 23:29:44.062657
DNMT2000.dbc,2000,MT,49478,20,20,c3b6b2682bcd80d9a1c879999166ab9e,988615,2026-03-07 23:29:48.976291
DNPA2000.dbc,2000,PA,126340,20,20,233945abdf4c66c4e5e3c133e1d6d19a,2401862,2026-03-07 23:29:56.222219
DNPB2000.dbc,2000,PB,57427,20,20,d82663e41fda5eb61c7e5d66ab14b3ef,1172910,2026-03-07 23:30:01.376707
DNPE2000.dbc,2000,PE,163405,20,20,09663e0ed8f6e6e4645deecab9455f1f,3245721,2026-03-07 23:30:10.310294
DNPI2000.dbc,2000,PI,58615,20,20,02b25172310222e64bf188c04d6038cc,1120311,2026-03-07 23:30:15.922816
DNPR2000.dbc,2000,PR,179462,20,20,6d39ab62acc8ae0d7aeade4b5504709b,3478134,2026-03-07 23:30:24.620311
DNRJ2000.dbc,2000,RJ,259118,20,20,5324045f7cc2c26a8f400ea9a386d5ef,5012415,2026-03-07 23:30:35.709977
DNRN2000.dbc,2000,RN,56444,20,20,c85c944c73ddf53369875a7917f5edbb,1144383,2026-03-07 23:30:40.97656
DNRO2000.dbc,2000,RO,31307,20,20,385d0c454780c2abc5f3c78fd15832d0,588266,2026-03-07 23:30:45.53748
DNRR2000.dbc,2000,RR,9744,20,20,6e21af717add8ec8a2fa73f3b1eeeb77,187264,2026-03-07 23:30:49.385776
DNRS2000.dbc,2000,RS,176719,20,20,18132ec658408074b6da1eb61ac09135,3591040,2026-03-07 23:30:58.265943
DNSC2000.dbc,2000,SC,94828,21,21,22de97179f0235199045f45cbb74263f,1902843,2026-03-07 23:31:04.985189
DNSE2000.dbc,2000,SE,40716,20,20,ab4dcf4843c7715d0c3238c0a64f2f60,830329,2026-03-07 23:31:10.21266
DNSP2000.dbc,2000,SP,687779,20,20,c85ca43e5426f5babe7495c56e9aba92,14343710,2026-03-07 23:31:35.181853
DNTO2000.dbc,2000,TO,26205,20,20,fb3a897679ed259c2a2379362f8ad08d,545890,2026-03-07 23:31:40.202799
DNAC2001.dbc,2001,AC,14899,23,23,e2483f6cd2629d18ca6a6aab0fdc3ab5,307442,2026-03-07 23:31:49.132848
DNAL2001.dbc,2001,AL,67805,23,23,900ad0b394a7ff8929558b8dcac98506,1468910,2026-03-07 23:31:54.901723
DNAM2001.dbc,2001,AM,70252,23,23,66d5d2ef0c810669d6b59b6ea7b9d7fa,1452111,2026-03-07 23:32:00.326869
DNAP2001.dbc,2001,AP,14609,23,23,ab94c601d702affa0f32e19efb8968d1,291420,2026-03-07 23:32:04.500812
DNBA2001.dbc,2001,BA,235725,23,23,10220d29d07a4a62f2d82b38de5e73fa,5173629,2026-03-07 23:32:15.855096
DNCE2001.dbc,2001,CE,149067,23,23,c56caea05930321f2f467dd94fa3da01,3328750,2026-03-07 23:32:24.314925
DNDF2001.dbc,2001,DF,46891,23,23,1d5aedd4f06107fffaa254c67a832206,951730,2026-03-07 23:32:29.121324
DNES2001.dbc,2001,ES,57092,23,23,819fc25458ada7a36c5e9fa2feafcab2,1265742,2026-03-07 23:32:35.056418
DNGO2001.dbc,2001,GO,92979,23,23,b7037e2c10eaeccc9ad3b422e3f5318f,2053907,2026-03-07 23:32:41.854048
DNMA2001.dbc,2001,MA,108527,23,23,17408bfd371adb0b5ee14e67b0b8b37c,2282096,2026-03-07 23:32:48.569104
DNMG2001.dbc,2001,MG,298538,23,23,d091f7a6e0eff403819d5df6612be043,6632791,2026-03-07 23:33:01.790287
DNMS2001.dbc,2001,MS,40070,23,23,156eb9ad9bc4f5fbcb2bba2464fd7ea2,854269,2026-03-07 23:33:06.717556
DNMT2001.dbc,2001,MT,47575,23,23,eef79cfd3605f3b419b10c9c5bad2609,1042517,2026-03-07 23:33:12.035146
DNPA2001.dbc,2001,PA,134742,23,23,c568707188deaa3b4e572c49f6436ede,2821735,2026-03-07 23:33:19.432986
DNPB2001.dbc,2001,PB,64957,23,23,648f9ff11af07733c21059b3b8fc7167,1426537,2026-03-07 23:33:25.424124
DNPE2001.dbc,2001,PE,164104,23,23,069581827a35e797dd970786afa8200c,3635767,2026-03-07 23:33:34.300949
DNPI2001.dbc,2001,PI,58588,23,23,50be7895bf6f3d469cd54dfe43dc9365,1249152,2026-03-07 23:33:39.785009
DNPR2001.dbc,2001,PR,167270,23,23,84aaa247fd3f63d5b34835af453d764a,3638198,2026-03-07 23:33:48.453024
DNRJ2001.dbc,2001,RJ,242360,25,25,3e425fdcf5509296772d531c7634a0fb,5907340,2026-03-07 23:34:01.206293
DNRN2001.dbc,2001,RN,53526,23,23,cd2e8bb2d0230890489282a9a37fc415,1199222,2026-03-07 23:34:06.670149
DNRO2001.dbc,2001,RO,28236,23,23,89f192e25f5c8853193ea40554ca9c00,589302,2026-03-07 23:34:11.412745
DNRR2001.dbc,2001,RR,9600,23,23,0acf2af34d8a38f752637542cb0cd5d5,200736,2026-03-07 23:34:15.247404
DNRS2001.dbc,2001,RS,160590,23,23,fee41fd567536204d219d1cd28be432d,3646874,2026-03-07 23:34:24.000643
DNSC2001.dbc,2001,SC,88097,23,23,64b16bcad1895a3075e36df3005d7743,1941735,2026-03-07 23:34:30.508164
DNSE2001.dbc,2001,SE,39842,23,23,ed85f595acf8994b8906cdbad19310c3,863861,2026-03-07 23:34:35.728348
DNSP2001.dbc,2001,SP,632483,23,23,71994da85c8ecaf19ec7f5c58176e125,14680061,2026-03-07 23:35:00.401935
DNTO2001.dbc,2001,TO,27050,23,23,bc0867d8f6b5223bd49baa4068874071,604144,2026-03-07 23:35:04.981748
DNAC2002.dbc,2002,AC,15841,26,26,047a6e6893ed899d1303666f3e604c4a,380870,2026-03-07 23:35:13.923573
DNAL2002.dbc,2002,AL,64457,26,26,98671d2a96b061481f7c7ee3d2379dde,1519954,2026-03-07 23:35:19.885955
DNAM2002.dbc,2002,AM,70671,26,26,942e5d1c7f7ba9067ed6858bb740d3a7,1660842,2026-03-07 23:35:26.134095
DNAP2002.dbc,2002,AP,14196,26,26,17c145dc4889045dafd4b978bdb13f42,333708,2026-03-07 23:35:30.426689
DNBA2002.dbc,2002,BA,237375,26,26,5ae214f0b848a9c898546c41d9ce65c4,5751774,2026-03-07 23:35:42.094304
DNCE2002.dbc,2002,CE,143242,26,26,69f9975301f6d0f70efd05c9ce5cd4e0,3504006,2026-03-07 23:35:50.566201
DNDF2002.dbc,2002,DF,45799,26,26,e99e88e8d380dfb7b6146403c1153f3c,1093013,2026-03-07 23:35:55.34633
DNES2002.dbc,2002,ES,55076,26,26,3236e50b41039a6a4852f457b1bf8792,1353939,2026-03-07 23:36:00.793677
DNGO2002.dbc,2002,GO,93897,26,26,8781f2bc7cebf389fd3907faf1f32aff,2279615,2026-03-07 23:36:07.90997
DNMA2002.dbc,2002,MA,117917,26,26,2336466c00e81dd756ea0547dbbd2343,2882434,2026-03-07 23:36:15.343081
DNMG2002.dbc,2002,MG,284558,26,26,61ea84294853764b274a541a395ec580,6990157,2026-03-07 23:36:29.579841
DNMS2002.dbc,2002,MS,39933,26,26,27d15524217afe5233c47a1cb3de3c28,962795,2026-03-07 23:36:34.882573
DNMT2002.dbc,2002,MT,47564,26,26,8546cf577125949f91e47153c28693b2,1197956,2026-03-07 23:36:40.149592
DNPA2002.dbc,2002,PA,136000,26,26,35bd0b4240c0c68ee2b1cef89b1d976a,3159625,2026-03-07 23:36:48.515612
DNPB2002.dbc,2002,PB,64006,26,26,075b48b83d79c0b82b2aed083369fa4c,1521738,2026-03-07 23:36:54.160414
DNPE2002.dbc,2002,PE,156053,26,26,2b29b5a4252fd641a07995a09abe8883,3796780,2026-03-07 23:37:03.28154
DNPI2002.dbc,2002,PI,56332,26,26,488b9b7191350fd5b9ae490f03ab404c,1347945,2026-03-07 23:37:08.602424
DNPR2002.dbc,2002,PR,165125,26,26,5a8b3b18c36e5aec05ca178288e5d403,4156376,2026-03-07 23:37:18.145165
DNRJ2002.dbc,2002,RJ,232232,26,26,b98aaba5ebfe417f0bfab182bba81a0a,5808976,2026-03-07 23:37:30.46852
DNRN2002.dbc,2002,RN,53250,26,26,77559adbd69c9bac6834b6c261912ed5,1280880,2026-03-07 23:37:35.779037
DNRO2002.dbc,2002,RO,29236,26,26,1b91f25a46c066b280bc0cdbf842d054,695371,2026-03-07 23:37:40.470989
DNRR2002.dbc,2002,RR,8990,26,26,c7d96510e4d106e4613ea103cd36d6fd,224866,2026-03-07 23:37:44.524939
DNRS2002.dbc,2002,RS,155261,26,26,a202c8736d44927e5cd5888881f11121,3812464,2026-03-07 23:37:53.936975
DNSC2002.dbc,2002,SC,85730,26,26,65f4e4151a1166510b9cfeb711ebc832,2075119,2026-03-07 23:38:00.781305
DNSE2002.dbc,2002,SE,37085,26,26,9bd5c0f4bd71173c770511be631c4059,893532,2026-03-07 23:38:05.540268
DNSP2002.dbc,2002,SP,623302,26,26,7722e1317a5ca4b22149f97fae51707b,15553887,2026-03-07 23:38:31.712304
DNTO2002.dbc,2002,TO,26274,26,26,b5d5efc9b5660606ff053032526c80c4,625281,2026-03-07 23:38:36.297235
DNAC2003.dbc,2003,AC,15986,26,26,ded4d5112b08b7bae87dc8f97800acf6,377958,2026-03-07 23:38:45.589274
DNAL2003.dbc,2003,AL,63032,26,26,09bc1985f61f43164ad2011ef95870e4,1497420,2026-03-07 23:38:51.605698
DNAM2003.dbc,2003,AM,70751,26,26,1882ef7efe301931329e7851e18999d9,1655271,2026-03-07 23:38:57.697801
DNAP2003.dbc,2003,AP,14764,26,26,a71550ce97061c556f3b80baf2063590,343512,2026-03-07 23:39:02.161014
DNBA2003.dbc,2003,BA,239017,26,26,765eaf4c385ebbeed7d508478aa4d90e,5777215,2026-03-07 23:39:13.926793
DNCE2003.dbc,2003,CE,140083,26,26,c96eb0e5ce914b5abddaa724cd8fe52e,3426408,2026-03-07 23:39:22.554071
DNDF2003.dbc,2003,DF,46097,26,26,d937dc8c2de042a59c76a6a4f88b6cd8,1091571,2026-03-07 23:39:27.860881
DNES2003.dbc,2003,ES,53417,26,26,00be0bfedf80d8b66309ce2a61000676,1295883,2026-03-07 23:39:33.745634
DNGO2003.dbc,2003,GO,92081,26,26,4120d026914cc999331b5a25c5eab5f2,2200913,2026-03-07 23:39:40.339153
DNMA2003.dbc,2003,MA,127920,26,26,061baad8c5a7159fa7c968ea4e8c0b6a,3091865,2026-03-07 23:39:48.163951
DNMG2003.dbc,2003,MG,284904,26,26,2f656c1c6f85aaf29bdfe96dda199119,6986076,2026-03-07 23:40:01.961306
DNMS2003.dbc,2003,MS,39248,26,26,394c8e7978bf1ebe66cceec7716dbda0,947193,2026-03-07 23:40:07.019608
DNMT2003.dbc,2003,MT,48539,26,26,69361e677b9f763689600aa807d91a3d,1198089,2026-03-07 23:40:12.323562
DNPA2003.dbc,2003,PA,144812,26,26,cc31d6798de8b16ed7f3b6f8bf7117be,4858305,2026-03-07 23:40:22.402675
DNPB2003.dbc,2003,PB,64115,26,26,c658ebc6c7e66ed00a86cee1186b58ec,1498579,2026-03-07 23:40:28.385795
DNPE2003.dbc,2003,PE,151677,26,26,14405eebaf5ebdc93853663f41abf302,3699327,2026-03-07 23:40:37.715206
DNPI2003.dbc,2003,PI,55105,26,26,1b6639495d838b6b4a10b70341f69895,1320805,2026-03-07 23:40:43.439659
DNPR2003.dbc,2003,PR,157333,26,26,61e0f65288e7c6e9c4d2a4e419fbedbc,3954554,2026-03-07 23:40:52.558401
DNRJ2003.dbc,2003,RJ,232255,26,26,82841188c66cb5a13fe3acc451b7c7f3,5829514,2026-03-07 23:41:05.162673
DNRN2003.dbc,2003,RN,52312,26,26,98d15b633d12e55a915a20766cea071b,1269650,2026-03-07 23:41:10.86532
DNRO2003.dbc,2003,RO,28809,26,26,c2df1d190fbf2c8cd24edca5b75a907a,693976,2026-03-07 23:41:15.613938
DNRR2003.dbc,2003,RR,10160,26,26,5a648afd4861c257457c07a2eec0aa84,254762,2026-03-07 23:41:19.753042
DNRS2003.dbc,2003,RS,149165,26,26,a01ffd675d2dc78ac5e233eb98829da4,3633198,2026-03-07 23:41:28.185302
DNSC2003.dbc,2003,SC,83177,26,26,423a8e27c10146ca4fda5cd01806a780,1999398,2026-03-07 23:41:34.668048
DNSE2003.dbc,2003,SE,36884,26,26,8260db5c0bfad1914814ab48a2cf9c3a,884175,2026-03-07 23:41:39.326906
DNSP2003.dbc,2003,SP,610555,26,26,c8ddbf9a3d9e5194cfe3076244bed29c,17527401,2026-03-07 23:42:07.686383
DNTO2003.dbc,2003,TO,26053,26,26,b226a8687ae2808d1f2f46fd600ed59c,622620,2026-03-07 23:42:12.462165
DNAC2004.dbc,2004,AC,16584,26,26,079f88ba37dd82ed8e25d0907b9181d3,390014,2026-03-07 23:42:31.153596
DNAL2004.dbc,2004,AL,59258,26,26,45ca19dad7be78f1200d53be932d9f2f,1423467,2026-03-07 23:42:36.927627
DNAM2004.dbc,2004,AM,71345,26,26,c45430a222ae593f4d985c1c87ce2f09,1694536,2026-03-07 23:42:43.297235
DNAP2004.dbc,2004,AP,13971,26,26,4af484f088f0d29a775b0f24a9c1564c,325746,2026-03-07 23:42:47.315297
DNBA2004.dbc,2004,BA,234454,26,26,cafed1bbfa31b02a96fc78a6523ab3ed,5649677,2026-03-07 23:42:59.378871
DNCE2004.dbc,2004,CE,137335,26,26,4a92366c78dba0a09b1449de39a3f9ed,3335406,2026-03-07 23:43:07.92369
DNDF2004.dbc,2004,DF,45593,26,26,6c8ae95ff16bbb8b4683b0bc2a09787f,1069942,2026-03-07 23:43:12.991682
DNES2004.dbc,2004,ES,53243,26,26,32434ddf9d625b6f62ca512e72c7719b,1297678,2026-03-07 23:43:18.453713
DNGO2004.dbc,2004,GO,91231,26,26,c9b65a83d90a93a90b66f82e71b42acf,2155511,2026-03-07 23:43:24.87769
DNMA2004.dbc,2004,MA,126518,26,26,a11d12c2b6ad31c5a617b4a735b8aab7,3002695,2026-03-07 23:43:32.585437
DNMG2004.dbc,2004,MG,277691,26,26,c1590709376ed81f39dafff14e63354e,6795403,2026-03-07 23:43:46.218857
DNMS2004.dbc,2004,MS,41567,26,26,f6133ded805b48993ea68017e4283672,1001442,2026-03-07 23:43:51.50271
DNMT2004.dbc,2004,MT,51205,26,26,0048f92b794d210374e007568f69c7dd,1260805,2026-03-07 23:43:56.91914
DNPA2004.dbc,2004,PA,142894,26,26,e84f6f129ac00c0346d7168214bd5216,3344011,2026-03-07 23:44:05.53048
DNPB2004.dbc,2004,PB,62200,26,26,d472e5cdc55476b7152039680d08bfb5,1481109,2026-03-07 23:44:11.756783
DNPE2004.dbc,2004,PE,149631,26,26,e031cc105fc5708003cf2e6f801868b6,3625649,2026-03-07 23:44:20.388657
DNPI2004.dbc,2004,PI,54747,26,26,6297a6da52320b49ff4c6ae2b6d631ce,1324949,2026-03-07 23:44:26.180393
DNPR2004.dbc,2004,PR,159636,26,26,490901b7ff00adfe0c7f1bc5bd3de186,4028220,2026-03-07 23:44:35.476918
DNRJ2004.dbc,2004,RJ,229901,26,26,c303e0b0eb2f9d1f9aaf22403f9ca897,5762716,2026-03-07 23:44:47.195466
DNRN2004.dbc,2004,RN,50805,26,26,536dbcce7eece48e3d20ce724676d497,1205255,2026-03-07 23:44:52.81507
DNRO2004.dbc,2004,RO,28927,26,26,8dd499fac1f90be10d8f2f8780298530,702054,2026-03-07 23:44:57.49629
DNRR2004.dbc,2004,RR,9742,26,26,0df6447769d19ce2480d408213a7c336,245525,2026-03-07 23:45:01.352381
DNRS2004.dbc,2004,RS,153015,26,26,5c0b2487554ba46aa936f9de9745c4c6,3794985,2026-03-07 23:45:10.292985
DNSC2004.dbc,2004,SC,85475,26,26,7ff52f1b491ef9a8491519cdc99a0c5f,2048538,2026-03-07 23:45:17.166022
DNSE2004.dbc,2004,SE,35827,26,26,c24f05b10763c22e09f8b6b9f5e83150,857368,2026-03-07 23:45:22.102131
DNSP2004.dbc,2004,SP,618080,26,26,5806624dd76359443e483c6d9cd6de34,16721915,2026-03-07 23:45:49.366688
DNTO2004.dbc,2004,TO,25673,26,26,7089c5f66f53f517e62a52340a3d39c1,612420,2026-03-07 23:45:54.43998
DNAC2005.dbc,2005,AC,17482,26,26,2b10f095bfc04bc7cfd61d705032f7cb,406739,2026-03-07 23:46:03.236587
DNAL2005.dbc,2005,AL,60662,26,26,9c975273b9424603f6fc3ca97a7b38dc,1451378,2026-03-07 23:46:09.00278
DNAM2005.dbc,2005,AM,73488,26,26,74129246981ad2996274847e0f04033a,1729269,2026-03-07 23:46:15.227899
DNAP2005.dbc,2005,AP,14205,26,26,24a5b6d20c8ed8f302c87c792ef0a15f,330605,2026-03-07 23:46:19.695757
DNBA2005.dbc,2005,BA,231065,26,26,802e6ca6b25f4f834e635cda59cc805b,5561267,2026-03-07 23:46:31.460987
DNCE2005.dbc,2005,CE,140035,26,26,20d30932603b1770f72547d7c834c86b,3386886,2026-03-07 23:46:39.954618
DNDF2005.dbc,2005,DF,45917,26,26,d5499dc322167028f046737a26466c34,1091726,2026-03-07 23:46:45.075777
DNES2005.dbc,2005,ES,52399,26,26,4ac8a2e93edc58cfe8a737b006b0cc11,1274036,2026-03-07 23:46:50.160661
DNGO2005.dbc,2005,GO,91556,26,26,411af8addc5b8a566de1ba6c95b04e1a,2168320,2026-03-07 23:46:56.931412
DNMA2005.dbc,2005,MA,130266,26,26,4da94ca58a4b63a1989043a259beab4a,3090004,2026-03-07 23:47:04.851002
DNMG2005.dbc,2005,MG,277468,26,26,3a56ade7e84dfebfc393703bbf1c9722,6780490,2026-03-07 23:47:18.167588
DNMS2005.dbc,2005,MS,41424,26,26,f306ec4d7546538a1c611d149cebf4fd,1002705,2026-03-07 23:47:23.194003
DNMT2005.dbc,2005,MT,52410,26,26,57c0facd1240c3d69c26948ddd0d7917,1283836,2026-03-07 23:47:28.34673
DNPA2005.dbc,2005,PA,145540,26,26,4e333efad9f13424cad2223ed830e13e,3385759,2026-03-07 23:47:37.034323
DNPB2005.dbc,2005,PB,64294,26,26,627c44dec345d62f9fbf0f7bbca1ae1f,1533593,2026-03-07 23:47:43.371102
DNPE2005.dbc,2005,PE,152095,26,26,8001a0f5de733bfdc26463de683de6e2,3672798,2026-03-07 23:47:52.095356
DNPI2005.dbc,2005,PI,56866,26,26,c3edfd968b7b7c51a07b437b4812fd85,1357046,2026-03-07 23:47:57.537224
DNPR2005.dbc,2005,PR,160324,26,26,3eaaf2f48aeed2a8003347df65750281,4015527,2026-03-07 23:48:07.294957
DNRJ2005.dbc,2005,RJ,223094,26,26,6f7bbf5804387fb64aad39707a75a9aa,5566557,2026-03-07 23:48:18.786371
DNRN2005.dbc,2005,RN,52330,26,26,ed55a923fdbb55d46518b0bb39b02eaf,1270190,2026-03-07 23:48:24.516527
DNRO2005.dbc,2005,RO,28081,26,26,d3fbbaf2c37a93cf7d163e1f02866f3f,678583,2026-03-07 23:48:28.832387
DNRR2005.dbc,2005,RR,9694,26,26,98c7a7f4cdd75503c9439c1976acc8be,244475,2026-03-07 23:48:32.720592
DNRS2005.dbc,2005,RS,147199,26,26,474f8f028b69b92c97bbe3a833365cc0,3657507,2026-03-07 23:48:41.419509
DNSC2005.dbc,2005,SC,84584,26,26,65598a36717e9c046524b757246a030a,2017193,2026-03-07 23:48:48.257985
DNSE2005.dbc,2005,SE,37370,26,26,ff0210d7709574e5a6fc708f929e4486,884722,2026-03-07 23:48:53.265608
DNSP2005.dbc,2005,SP,618880,26,26,2b444d68debf4022834047d9b30e88e4,18274171,2026-03-07 23:49:22.363205
DNTO2005.dbc,2005,TO,26368,26,26,dba16fef76323e7a04012c02e3a515be,629173,2026-03-07 23:49:26.900297
DNAC2006.dbc,2006,AC,16448,29,29,67d9a71976333d19770090df0e17e283,471332,2026-03-07 23:49:35.952533
DNAL2006.dbc,2006,AL,57510,29,29,2fd2e568059a6c123ab0cc6ed107f234,1677143,2026-03-07 23:49:42.079276
DNAM2006.dbc,2006,AM,75584,29,29,5283d5b235fe797baec3969fd1a55dd3,2188345,2026-03-07 23:49:48.762286
DNAP2006.dbc,2006,AP,14714,29,29,50536313ca9999e9a22a234d7675ecbe,415218,2026-03-07 23:49:53.091168
DNBA2006.dbc,2006,BA,220187,29,29,029983e4d051bccaba041e243a7b440c,6502671,2026-03-07 23:50:06.248585
DNCE2006.dbc,2006,CE,135020,29,29,ef080fe9ae2ab1f50a8971dc856a78f0,3923566,2026-03-07 23:50:15.614769
DNDF2006.dbc,2006,DF,45152,29,29,215a93eb0fe2d9cef39b2f4d3f39dda3,1349552,2026-03-07 23:50:21.040686
DNES2006.dbc,2006,ES,51449,29,29,4a8261264aadcb9268a958a2e364a6f6,1521650,2026-03-07 23:50:26.802747
DNGO2006.dbc,2006,GO,87483,29,29,09b6e252fc4858d35bcbab5dfa2016ed,2553554,2026-03-07 23:50:33.964281
DNMA2006.dbc,2006,MA,127724,29,29,ed3783663ab2fd1d8140adafe8ef6277,3767180,2026-03-07 23:50:43.118551
DNMG2006.dbc,2006,MG,266143,29,29,bc2bc281b88730b9c2572cbc8edeff36,7941165,2026-03-07 23:50:57.745883
DNMS2006.dbc,2006,MS,39515,29,29,f0b545041e18b06a66bbf3de62b80460,1162319,2026-03-07 23:51:02.86899
DNMT2006.dbc,2006,MT,49522,29,29,a60265ec50beb18779cbd0dd57acff3a,1519747,2026-03-07 23:51:08.617696
DNPA2006.dbc,2006,PA,150202,29,29,1fce8aafee3812ce620c2c814e8b35d9,4319951,2026-03-07 23:51:18.556273
DNPB2006.dbc,2006,PB,60232,29,29,f20752a1233f60078266bf55fdb17e4f,1812094,2026-03-07 23:51:25.082545
DNPE2006.dbc,2006,PE,146108,29,29,cc0be9890fa2c376135d82b4510d9b96,4405059,2026-03-07 23:51:34.950809
DNPI2006.dbc,2006,PI,55342,29,29,0b154656cb1e1c4e38c7a0e5de6d1d31,1607000,2026-03-07 23:51:40.758875
DNPR2006.dbc,2006,PR,153598,29,29,37210f1ec01c66f1336c7011f66ce83e,4809816,2026-03-07 23:51:51.404778
DNRJ2006.dbc,2006,RJ,218435,29,29,a6fecc08a0c963b849b407b7c14d5750,6523283,2026-03-07 23:52:04.228077
DNRN2006.dbc,2006,RN,48122,29,29,78ecd95a241cd2f4577564d3171c5dbf,1386446,2026-03-07 23:52:09.827345
DNRO2006.dbc,2006,RO,24925,29,29,434fba1028b4a8e663c96771b99e8cc0,705039,2026-03-07 23:52:14.707044
DNRR2006.dbc,2006,RR,9592,29,29,c579b3087ef2f6ee90f84a373f88da34,290377,2026-03-07 23:52:19.015479
DNRS2006.dbc,2006,RS,141331,29,29,a934c53c2f48506b492b0ccffcc8a346,3965687,2026-03-07 23:52:27.952659
DNSC2006.dbc,2006,SC,84133,29,29,9201718b82d5c1233d198474123addf0,2563406,2026-03-07 23:52:35.627949
DNSE2006.dbc,2006,SE,37061,29,29,13ee52538c92a917d88bd38531ddf167,1102160,2026-03-07 23:52:40.879239
DNSP2006.dbc,2006,SP,603368,29,29,5e8ec2169827e9dbafbc8beba920eac8,17799398,2026-03-07 23:53:09.585582
DNTO2006.dbc,2006,TO,26028,29,29,96edc80247cd07953001696d0a870df5,747017,2026-03-07 23:53:13.964474
DNAC2007.dbc,2007,AC,16183,29,29,ca5a04b6254245f5d5ffc0d653e00f15,459336,2026-03-07 23:53:23.518036
DNAL2007.dbc,2007,AL,57406,29,29,0ee18ec7532f5e2dcedc6e585d97f971,1612992,2026-03-07 23:53:29.297007
DNAM2007.dbc,2007,AM,73469,29,29,5039ea63af07ca721c815428e9e48ca1,2114801,2026-03-07 23:53:35.966876
DNAP2007.dbc,2007,AP,14425,29,29,285a88c07b1d68307401b2fb3af5034b,402961,2026-03-07 23:53:40.15291
DNBA2007.dbc,2007,BA,220398,29,29,51b49fda3550fa3cd5ddc8a980798c55,6228210,2026-03-07 23:53:52.416016
DNCE2007.dbc,2007,CE,133839,29,29,c444b52442780211a7b75ef68aee06db,3845373,2026-03-07 23:54:01.663938
DNDF2007.dbc,2007,DF,44098,29,29,d5e74bb0152c4380c8056b06c7b04709,1306102,2026-03-07 23:54:06.790578
DNES2007.dbc,2007,ES,51020,29,29,cd4a490c4b6d27d551f1fa5bb2257336,1501873,2026-03-07 23:54:12.829503
DNGO2007.dbc,2007,GO,85159,29,29,b68a5be992ff44cd1ca64fa40212c58f,2483009,2026-03-07 23:54:19.994884
DNMA2007.dbc,2007,MA,127307,29,29,e9077cb777f738431e1e502bf5cbf89e,3562077,2026-03-07 23:54:28.886632
DNMG2007.dbc,2007,MG,259505,29,29,c63070e74c4f11d61c52035ea50af3ac,7555527,2026-03-07 23:54:43.507648
DNMS2007.dbc,2007,MS,38621,29,29,dec456b563fd490713b9d141b134f37f,1122282,2026-03-07 23:54:48.419419
DNMT2007.dbc,2007,MT,47382,29,29,5d0d0adb0f290e64bf3e5810c34d20c7,1411039,2026-03-07 23:54:54.306582
DNPA2007.dbc,2007,PA,150147,29,29,2582db70eb2abf6011bc963ffd25d716,4175916,2026-03-07 23:55:04.221793
DNPB2007.dbc,2007,PB,59456,29,29,2ba6e7710f7802951263ddf9ff0eb824,1709807,2026-03-07 23:55:10.315897
DNPE2007.dbc,2007,PE,143095,29,29,b5692e35bb9f8d0d8be935d20b5d802c,4215633,2026-03-07 23:55:19.841522
DNPI2007.dbc,2007,PI,53214,29,29,9238196a7d5d344ef53a0f1d502e25b6,1510820,2026-03-07 23:55:25.991087
DNPR2007.dbc,2007,PR,147554,29,29,9b33c538ef00da3421fb65b26410220b,4598559,2026-03-07 23:55:36.135616
DNRJ2007.dbc,2007,RJ,216876,29,29,f7f241c9d6d73656a88eb45ae47ab9c8,6400682,2026-03-07 23:55:49.364804
DNRN2007.dbc,2007,RN,48072,29,29,3b7c98c32372b222f51d3942c370e3a2,1339420,2026-03-07 23:55:54.609956
DNRO2007.dbc,2007,RO,22996,29,29,771cec236e686d40fc31178f1fe562ef,657511,2026-03-07 23:55:59.162367
DNRR2007.dbc,2007,RR,9582,29,29,f03f2cd200914ae6bcd3248b60178f10,280702,2026-03-07 23:56:03.361525
DNRS2007.dbc,2007,RS,133401,29,29,31587eca0a5a2915df5aeefef645f8c9,4038036,2026-03-07 23:56:12.816833
DNSC2007.dbc,2007,SC,81903,29,29,7982a53040d018db9cdc30b1ec059d10,2443669,2026-03-07 23:56:20.110335
DNSE2007.dbc,2007,SE,35801,29,29,88700da74619d72443289ccceead4cee,1035434,2026-03-07 23:56:25.575267
DNSP2007.dbc,2007,SP,595408,29,29,83a6e9bfe4fb917b45a66f56c982267e,17366989,2026-03-07 23:56:53.703683
DNTO2007.dbc,2007,TO,25011,29,29,6a7311979a27dc7473b3d6ee27a4f6e1,704911,2026-03-07 23:56:58.431421
DNAC2008.dbc,2008,AC,17994,29,29,41f3274a80942e125127c5d88f5456d5,525746,2026-03-07 23:57:07.609481
DNAL2008.dbc,2008,AL,58076,29,29,8a1144b8642c322613d096e912fb7ffa,1695295,2026-03-07 23:57:13.776445
DNAM2008.dbc,2008,AM,75030,29,29,d2b348cedb47568f4c04b69857b14be8,2161379,2026-03-07 23:57:20.62921
DNAP2008.dbc,2008,AP,15105,29,29,ab91109eb359e35fdc72cdeb2a6343cb,434922,2026-03-07 23:57:25.176716
DNBA2008.dbc,2008,BA,221700,29,29,8aa4bdf94a7d943c8870d788801de0ab,6471298,2026-03-07 23:57:38.018709
DNCE2008.dbc,2008,CE,133917,29,29,fad55b575d0bb56feac7be0b49e97f6b,3872193,2026-03-07 23:57:47.309675
DNDF2008.dbc,2008,DF,44173,29,29,8f063be1a54631c81d00488b2db43a86,1350627,2026-03-07 23:57:52.922894
DNES2008.dbc,2008,ES,51852,29,29,32abadd7ea6cc4777e001f4c81d11cb8,1548496,2026-03-07 23:57:58.366229
DNGO2008.dbc,2008,GO,87462,29,29,1cbde50d4774ae7436c6a8b9c7c6e2d2,2587671,2026-03-07 23:58:05.35813
DNMA2008.dbc,2008,MA,128302,29,29,ad8df8ffa1809a7ff219f62b04b572f6,3760296,2026-03-07 23:58:14.040964
DNMG2008.dbc,2008,MG,260916,29,29,7d867c70bd1d14b966f34596db4f2745,7815689,2026-03-07 23:58:28.726423
DNMS2008.dbc,2008,MS,41229,29,29,51f20abc42cae8df7a14ce2d88a475a7,1213826,2026-03-07 23:58:34.133332
DNMT2008.dbc,2008,MT,49794,29,29,5adc7897224a005df68003583aeac919,1524115,2026-03-07 23:58:40.274744
DNPA2008.dbc,2008,PA,151262,29,29,5a6516d6cda564aeca8a594cb71125c0,4361167,2026-03-07 23:58:49.889992
DNPB2008.dbc,2008,PB,61964,29,29,7c786ee821e6ccb655a901cd86b19fd6,1839529,2026-03-07 23:58:56.181178
DNPE2008.dbc,2008,PE,145195,29,29,ecbbdb77b31849fb4d2dc957e6f96289,4397619,2026-03-07 23:59:06.420518
DNPI2008.dbc,2008,PI,52664,29,29,a0f3354aa830e8aeedac1850cdb25e2e,1517547,2026-03-07 23:59:12.215755
DNPR2008.dbc,2008,PR,151092,29,29,a6afb30da17cb96d445b4d7301f18d0d,4753232,2026-03-07 23:59:22.428025
DNRJ2008.dbc,2008,RJ,215844,29,29,1c3eaeb6dc739ed996b6884b76280c0c,6535985,2026-03-07 23:59:35.47607
DNRN2008.dbc,2008,RN,49817,29,29,9b07a3fac1e90b1d3958de75149ef25e,1456710,2026-03-07 23:59:41.412929
DNRO2008.dbc,2008,RO,26791,29,29,06ca74b5fa19a7599c872d3d156f9007,781153,2026-03-07 23:59:46.473036
DNRR2008.dbc,2008,RR,10103,29,29,4374cc208e84b0cd7b294f4cd13086f8,308053,2026-03-07 23:59:50.204287
DNRS2008.dbc,2008,RS,135143,29,29,3553aeb30ffb8611b72a3045b1aad47e,4135574,2026-03-07 23:59:59.627959
DNSC2008.dbc,2008,SC,85262,29,29,327892977f7fd4ab29e92bd6aa950e00,2610938,2026-03-08 00:00:06.994306
DNSE2008.dbc,2008,SE,36633,29,29,52e8fa33056fb67f26fddba4c78d0e82,1094583,2026-03-08 00:00:11.967168
DNSP2008.dbc,2008,SP,601795,29,29,0c036451b6eea25805ad4546c1ac5a4a,17666273,2026-03-08 00:00:41.303386
DNTO2008.dbc,2008,TO,25713,29,29,e79e8e9ccc0028092ae5c2aef4987161,761477,2026-03-08 00:00:46.146109
DNAC2009.dbc,2009,AC,16892,29,29,63f19a801cfbc8d86cc26f568eed9110,495967,2026-03-08 00:00:55.753028
DNAL2009.dbc,2009,AL,55471,29,29,a9f68386cb68980d14ff38cbd7185243,1636822,2026-03-08 00:01:01.866541
DNAM2009.dbc,2009,AM,75729,29,29,af5d740d61fac89a3fcba03c70fcc96d,2182699,2026-03-08 00:01:08.756475
DNAP2009.dbc,2009,AP,14298,29,29,87c08779830a61bb77baeeec9b975fef,409700,2026-03-08 00:01:12.965336
DNBA2009.dbc,2009,BA,217727,29,29,740e7acb245b3f91e3e22a078b261efc,6366540,2026-03-08 00:01:26.011981
DNCE2009.dbc,2009,CE,131393,29,29,d14eeea9c6143b729047d031aef2ef09,3795393,2026-03-08 00:01:34.780854
DNDF2009.dbc,2009,DF,43932,29,29,2a2e224b876c80669f5ec9bfbb844e80,1344195,2026-03-08 00:01:40.377362
DNES2009.dbc,2009,ES,51457,29,29,7f94f7a0949e7b441a10c87cdd80e1e2,1530857,2026-03-08 00:01:45.867927
DNGO2009.dbc,2009,GO,87485,29,29,f03440af7d1aad6bfc1269187a5bb31c,2603078,2026-03-08 00:01:53.207662
DNMA2009.dbc,2009,MA,123635,29,29,a02cc6f1c475bb11685b1f7889543c05,3646815,2026-03-08 00:02:02.059516
DNMG2009.dbc,2009,MG,252676,29,29,08bbeea7b5b154b720554baa1bf1a04e,7639070,2026-03-08 00:02:16.574649
DNMS2009.dbc,2009,MS,40274,29,29,32dc6ce60f9a3f5f2fb88439b4b43fad,1180946,2026-03-08 00:02:21.959445
DNMT2009.dbc,2009,MT,48477,29,29,270631bf1bdee058d657c5e699da204f,1498708,2026-03-08 00:02:27.912492
DNPA2009.dbc,2009,PA,143140,29,29,0bf1cae05ea31db39287a8c561c83805,4163706,2026-03-08 00:02:37.242687
DNPB2009.dbc,2009,PB,60021,29,29,9c08bb98c11d44380ac6dfe8ed732567,1785542,2026-03-08 00:02:43.340208
DNPE2009.dbc,2009,PE,141815,29,29,f050eccefc183d5e685605551703bc58,4326373,2026-03-08 00:02:53.249449
DNPI2009.dbc,2009,PI,50996,29,29,1c66b8082a619116d0fde9030b88dc38,1501829,2026-03-08 00:02:58.855368
DNPR2009.dbc,2009,PR,149217,29,29,5cbfadd8b6a9bb4e392ced8f1ad9febc,4767413,2026-03-08 00:03:09.207636
DNRJ2009.dbc,2009,RJ,216625,29,29,bafb07a9a8561f1506b4082ef579aff7,6577586,2026-03-08 00:03:22.441784
DNRN2009.dbc,2009,RN,48931,29,29,bdc4215494ee8f53b84fb8e414f6a2f2,1439360,2026-03-08 00:03:28.18829
DNRO2009.dbc,2009,RO,26083,29,29,397900f111d5954a98ef10cdfc4378b6,764445,2026-03-08 00:03:32.777002
DNRR2009.dbc,2009,RR,9673,29,29,08533c10e7869850e920bf96abe59701,294811,2026-03-08 00:03:36.956121
DNRS2009.dbc,2009,RS,133652,29,29,3611cf3c767c4ca8d70f30c2f5188117,4050823,2026-03-08 00:03:46.586356
DNSC2009.dbc,2009,SC,83489,29,29,4665e67f8cec220eeaa3f56d8e342297,2573600,2026-03-08 00:03:53.420442
DNSE2009.dbc,2009,SE,35109,29,29,090597bb1d5b7e38f2b4a141551bcb9a,1038858,2026-03-08 00:03:58.222224
DNSP2009.dbc,2009,SP,598473,29,29,829621d85719669144a41b691f56b59e,17668847,2026-03-08 00:04:26.838933
DNTO2009.dbc,2009,TO,24911,29,29,124d604e4ed136af3aa524a15913a932,739472,2026-03-08 00:04:31.644982
DNAC2010.dbc,2010,AC,16495,55,55,c9fd7731d1ed9bdf9305ef31a10bd229,626669,2026-03-08 00:04:41.356067
DNAL2010.dbc,2010,AL,54164,55,55,c48a799cd3b0bb9ce66bc6ba56fbbf31,2026432,2026-03-08 00:04:47.925936
DNAM2010.dbc,2010,AM,74188,55,55,287dbe4cc9f52f150665988939a3f96b,2421466,2026-03-08 00:04:55.404743
DNAP2010.dbc,2010,AP,15008,55,55,36469b5c9cabb064aabed2a489e2f156,526643,2026-03-08 00:04:59.785688
DNBA2010.dbc,2010,BA,212201,55,55,23c8c81de706ed1baade8dd633176144,7053632,2026-03-08 00:05:13.534581
DNCE2010.dbc,2010,CE,128831,55,55,4cbd4191730c7c14bee56bb665409ff2,4754953,2026-03-08 00:05:23.942731
DNDF2010.dbc,2010,DF,44251,55,55,eed1c247459aaf3b0a9c32eb6b196efe,1578819,2026-03-08 00:05:30.43261
DNES2010.dbc,2010,ES,51853,55,55,4a69573c1b16067aa745dcf825db47f0,1724672,2026-03-08 00:05:36.789653
DNGO2010.dbc,2010,GO,87476,55,55,c7535a2640debbe6fef94ef8d24b00aa,3062942,2026-03-08 00:05:45.051617
DNMA2010.dbc,2010,MA,119566,55,55,d59dfaa03c3e0b97c2156da943831d53,3922314,2026-03-08 00:05:54.674329
DNMG2010.dbc,2010,MG,255126,55,55,4ae86f45935338cfbf73dbcfb56dcabc,8764111,2026-03-08 00:06:11.409003
DNMS2010.dbc,2010,MS,40132,55,55,45d5bfc3353346264549af00945e4a33,1334607,2026-03-08 00:06:17.356047
DNMT2010.dbc,2010,MT,48929,55,55,f163e174a58fe7185316d3ecd799bd6c,2076509,2026-03-08 00:06:24.100974
DNPA2010.dbc,2010,PA,140687,55,55,827906bf2b2ee3c0cd61291ac788362e,4711427,2026-03-08 00:06:34.653841
DNPB2010.dbc,2010,PB,58699,55,55,4a0015d53cc9a1ccc7a715bff3002e27,2291053,2026-03-08 00:06:41.949931
DNPE2010.dbc,2010,PE,136591,55,55,52adf12eb49c6bb5eda73ff5520efc70,4876809,2026-03-08 00:06:52.695437
DNPI2010.dbc,2010,PI,49424,55,55,afe13a66296647fd0dd54437722c7a2f,1656096,2026-03-08 00:06:58.705368
DNPR2010.dbc,2010,PR,152051,55,55,418ebd9552ba29be7746c0098368e2a6,6094860,2026-03-08 00:07:11.444996
DNRJ2010.dbc,2010,RJ,215262,55,55,6c00dfde4233d46d3a7fc355e5fa76a2,7008784,2026-03-08 00:07:25.290172
DNRN2010.dbc,2010,RN,47668,55,55,8a894467e65344d4e8c321f838e31009,1699940,2026-03-08 00:07:31.343584
DNRO2010.dbc,2010,RO,25835,55,55,ffc477410fe816a16f3f1038c7181fb0,863101,2026-03-08 00:07:36.578734
DNRR2010.dbc,2010,RR,9738,55,55,ffba9e98bf16439a0cb6eb1c0f0735c9,324207,2026-03-08 00:07:40.923471
DNRS2010.dbc,2010,RS,133243,55,55,ce564cc9563b43fcb8a09e0da846c51b,4591190,2026-03-08 00:07:51.825416
DNSC2010.dbc,2010,SC,84611,55,55,e38f7edba6bdddced383f8f4f1a8e334,2927725,2026-03-08 00:07:59.743968
DNSE2010.dbc,2010,SE,34016,55,55,50d79f1ba717c8a7a1df61e9937ace5e,1156938,2026-03-08 00:08:05.235389
DNSP2010.dbc,2010,SP,601352,55,55,b31029c112a5eabe911a1cd48b0659f3,20076605,2026-03-08 00:08:38.542872
DNTO2010.dbc,2010,TO,24471,55,55,dac01c9b634e93a3d90652cb95b0e0d4,834966,2026-03-08 00:08:43.473959
DNAC2011.dbc,2011,AC,17817,56,56,ce0246d8972f6e837a3e4b774d19050d,1068504,2026-03-08 00:08:53.476057
DNAL2011.dbc,2011,AL,54281,56,56,3270500e1c88e833a9b8b1836897ead9,3357875,2026-03-08 00:09:01.792697
DNAM2011.dbc,2011,AM,76202,56,56,e52c3d1135f8d6c3360eabd911fd4310,4595848,2026-03-08 00:09:11.316436
DNAP2011.dbc,2011,AP,15114,56,56,5ba89ea6d0875f8f25f0b1bc886d9d09,893886,2026-03-08 00:09:16.50686
DNBA2011.dbc,2011,BA,215032,56,56,e85056f3ccee1cb2a9a6cde2c5dcb607,12803197,2026-03-08 00:09:37.063279
DNCE2011.dbc,2011,CE,128592,56,56,b3de1e7dba69e485812b9fb24bc53c6b,6991630,2026-03-08 00:09:50.433985
DNDF2011.dbc,2011,DF,43465,56,56,564449422462975063b090987c496891,2698475,2026-03-08 00:09:57.562641
DNES2011.dbc,2011,ES,53053,56,56,70d37eca19bfe9e08cb916befad3faf5,3235278,2026-03-08 00:10:05.964405
DNGO2011.dbc,2011,GO,89742,56,56,7626fccaa412377f25667b7ac49cc19c,5005403,2026-03-08 00:10:16.880273
DNMA2011.dbc,2011,MA,121109,56,56,5956addb054abe436905f7c41aef1b4d,6525313,2026-03-08 00:10:29.480023
DNMG2011.dbc,2011,MG,259863,56,56,4e0efb052e55bb44c8a3a93b31db3829,13394751,2026-03-08 00:10:51.705913
DNMS2011.dbc,2011,MS,42152,56,56,3a7868f09a4c8a234980766dd0c52c46,1998062,2026-03-08 00:10:58.040468
DNMT2011.dbc,2011,MT,51218,56,56,39dc76bbe4242489600b8d12db987262,3341819,2026-03-08 00:11:06.268498
DNPA2011.dbc,2011,PA,141974,56,56,5d2534a0eaa52d487034bcd0b5f12cc4,6622124,2026-03-08 00:11:19.593761
DNPB2011.dbc,2011,PB,58741,56,56,93868dc12b290052f1ea6709fb0a4189,3507575,2026-03-08 00:11:28.155488
DNPE2011.dbc,2011,PE,140079,56,56,2e011ad40a40f060d62ebd04f270d802,8889184,2026-03-08 00:11:43.892019
DNPI2011.dbc,2011,PI,50144,56,56,0391b05643620d211cd7df8b3aac5f74,3068101,2026-03-08 00:11:51.518594
DNPR2011.dbc,2011,PR,152902,56,56,f69ed8e041f0f2c4fdf966847fb70375,6461138,2026-03-08 00:12:04.790519
DNRJ2011.dbc,2011,RJ,220603,56,56,a954ac2536090009058644fc22dfe8ef,10391432,2026-03-08 00:12:23.173716
DNRN2011.dbc,2011,RN,48101,56,56,5a152808196defe44b435dd6498ba4da,2922183,2026-03-08 00:12:31.09343
DNRO2011.dbc,2011,RO,27658,56,56,0a07b73275f9d326c00382021177be5a,1422007,2026-03-08 00:12:36.814834
DNRR2011.dbc,2011,RR,9945,56,56,a2e77a4704814c0afb666fe19d9e75e6,602807,2026-03-08 00:12:41.6704
DNRS2011.dbc,2011,RS,137710,56,56,c85e608b031cf2f083485c2a223eef73,7921524,2026-03-08 00:12:56.631536
DNSC2011.dbc,2011,SC,87481,56,56,53f322261f17319f53080a8989e56ede,4384886,2026-03-08 00:13:06.300481
DNSE2011.dbc,2011,SE,34925,56,56,6475afe26017cc2fc54f56c042cdc414,2170455,2026-03-08 00:13:13.046133
DNSP2011.dbc,2011,SP,610222,56,56,c0e378a9ddb22732f36f217f74ffc052,24782699,2026-03-08 00:13:52.453003
DNTO2011.dbc,2011,TO,25035,56,56,499c6ecf03ac1bd1f03a3db38a8feda9,1447714,2026-03-08 00:13:58.183901
DNAC2012.dbc,2012,AC,16700,56,56,7a5c50b74412adfcc8ab7be94968d459,1035848,2026-03-08 00:14:08.626802
DNAL2012.dbc,2012,AL,52510,56,56,703d57565ec5a6765002617a4c180de7,3276864,2026-03-08 00:14:16.856707
DNAM2012.dbc,2012,AM,77434,56,56,49e3d219e26e4d0074ebb24640075718,4548069,2026-03-08 00:14:26.95669
DNAP2012.dbc,2012,AP,14895,56,56,649340f2744b817eff5af197f6867cb4,895287,2026-03-08 00:14:31.497824
DNBA2012.dbc,2012,BA,209999,56,56,eeedb3cdeabd85c7b62f0eeb2e757c71,12984027,2026-03-08 00:14:53.294536
DNCE2012.dbc,2012,CE,126868,56,56,c95f357b784f144d0b3416f928fea3d7,7524998,2026-03-08 00:15:07.108601
DNDF2012.dbc,2012,DF,43497,56,56,7a44cc9c374b0d35ffc9d0eba47c3628,2685803,2026-03-08 00:15:14.373479
DNES2012.dbc,2012,ES,52835,56,56,b58fe9ab39dc33b8e83e2cc39b25aed6,3304107,2026-03-08 00:15:22.82012
DNGO2012.dbc,2012,GO,93274,56,56,ac33dc09a6cd2ec73217c5a8809e210d,5998021,2026-03-08 00:15:34.872419
DNMA2012.dbc,2012,MA,116039,56,56,4d818f2b6160a3a1d65c8479c816a204,7093899,2026-03-08 00:15:48.016686
DNMG2012.dbc,2012,MG,260544,56,56,73a9a07d4f9f6c3c63e370066bcb1f66,16655229,2026-03-08 00:16:14.800038
DNMS2012.dbc,2012,MS,42252,56,56,9e5ed8d2a030ec1bbab63f856f9cf42a,2652263,2026-03-08 00:16:21.947335
DNMT2012.dbc,2012,MT,51256,56,56,fb12e84ee7ea515ddb5523ea3fba278a,3343457,2026-03-08 00:16:30.283947
DNPA2012.dbc,2012,PA,137837,56,56,f64e4a6eee2d4bba8086e01313833bf8,8356761,2026-03-08 00:16:45.253203
DNPB2012.dbc,2012,PB,56770,56,56,dd9d4abac41ebada9d1a97aebf2463ca,3556042,2026-03-08 00:16:53.931877
DNPE2012.dbc,2012,PE,141382,56,56,a5beec454a85e88f23631583a9cfd5a1,8998560,2026-03-08 00:17:10.027246
DNPI2012.dbc,2012,PI,47962,56,56,f6be631d897b50e78f1a0be0571c6a72,2980249,2026-03-08 00:17:17.855738
DNPR2012.dbc,2012,PR,153945,56,56,d5818131f9395ec007b5a5228b78f3e7,10751410,2026-03-08 00:17:36.396384
DNRJ2012.dbc,2012,RJ,222859,56,56,fe28ae8c561fc0358a6d29c48b98251a,13583093,2026-03-08 00:17:58.575034
DNRN2012.dbc,2012,RN,46993,56,56,b87676fce2f7f6778c1764c7783ef904,2985531,2026-03-08 00:18:06.476187
DNRO2012.dbc,2012,RO,26513,56,56,bb3f80cf15cb27c006ea1035e4add690,1645008,2026-03-08 00:18:12.015088
DNRR2012.dbc,2012,RR,10601,56,56,a3aaf4dce4661e988fb1c42d94a4df13,661611,2026-03-08 00:18:16.645329
DNRS2012.dbc,2012,RS,138941,56,56,2cf8c9f214dad6162709b5bb30f644dd,8721419,2026-03-08 00:18:32.236836
DNSC2012.dbc,2012,SC,88772,56,56,3a02021990e83dbc68ea22c2e6649efa,5635725,2026-03-08 00:18:43.142291
DNSE2012.dbc,2012,SE,34108,56,56,cb31b1a93c08558907e26ee4f7786143,2085751,2026-03-08 00:18:49.413689
DNSP2012.dbc,2012,SP,616608,56,56,5c0ea75dc4915bff8ae3b7532fe0da2e,36660643,2026-03-08 00:19:43.761036
DNTO2012.dbc,2012,TO,24395,56,56,c70dd8186824a254572ca2d502006556,1596008,2026-03-08 00:19:49.908045
DNAC2013.dbc,2013,AC,17075,59,59,a9599905a6c0c944176343b554d043a1,992441,2026-03-08 00:20:00.120681
DNAL2013.dbc,2013,AL,52488,59,59,81cb1e195144b110da7496fed43eff2d,3245721,2026-03-08 00:20:08.481015
DNAM2013.dbc,2013,AM,79041,59,59,960cbd1a242dd6da5caeedc3ddf8f0ef,4632553,2026-03-08 00:20:18.469409
DNAP2013.dbc,2013,AP,15710,59,59,89d9f67c930771b96491a02434da5a2b,967826,2026-03-08 00:20:23.877362
DNBA2013.dbc,2013,BA,203342,59,59,274beeeeb6b45e2bb15d3d05a5307b53,12617841,2026-03-08 00:20:45.048309
DNCE2013.dbc,2013,CE,124876,59,59,6db822dff79d02bade05d891d6cb9b57,7448098,2026-03-08 00:20:58.428652
DNDF2013.dbc,2013,DF,44530,59,59,d93e1aa0b3e2f48c7ce1331141fb6446,2781017,2026-03-08 00:21:06.231802
DNES2013.dbc,2013,ES,54065,59,59,9e8e4c68646dcf318256c237af884425,3358101,2026-03-08 00:21:14.147616
DNGO2013.dbc,2013,GO,94822,59,59,695e4dea8f58138eb6597463ffd14880,6153192,2026-03-08 00:21:25.907508
DNMA2013.dbc,2013,MA,115000,59,59,b0345397efbdad89a99440ec7256e14f,7062490,2026-03-08 00:21:39.625432
DNMG2013.dbc,2013,MG,258635,59,59,1a0eee61211d4160743296cefc259bb3,16380261,2026-03-08 00:22:05.378398
DNMS2013.dbc,2013,MS,42296,59,59,66f3e6b649b562045bc02a5a8c863e6f,2633554,2026-03-08 00:22:12.724639
DNMT2013.dbc,2013,MT,53039,59,59,1e24377ff5bb5b327077ee3503a4eafc,3437861,2026-03-08 00:22:20.930702
DNPA2013.dbc,2013,PA,139416,59,59,c97ca6a41319f1ba018bcc402b763e0b,8590466,2026-03-08 00:22:36.504433
DNPB2013.dbc,2013,PB,56854,59,59,b86e68777e723500d6c5eb695fc507fb,3581431,2026-03-08 00:22:45.23996
DNPE2013.dbc,2013,PE,141453,59,59,72261e4ac1a01f21d07e2fbeb15534d0,9003992,2026-03-08 00:23:01.11812
DNPI2013.dbc,2013,PI,46419,59,59,f47216356ff34c74615d366f976af595,2950055,2026-03-08 00:23:08.657479
DNPR2013.dbc,2013,PR,155758,59,59,37b4d29cfcfb9c6b465df40f0308a8d9,10777490,2026-03-08 00:23:27.216241
DNRJ2013.dbc,2013,RJ,224031,59,59,076704881cb5c7b13aa7619fa6339a1d,13465840,2026-03-08 00:23:49.470284
DNRN2013.dbc,2013,RN,46798,59,59,63f80ce2ac0d9d6d88051a4ab51e3080,2951830,2026-03-08 00:23:57.409513
DNRO2013.dbc,2013,RO,27097,59,59,c590539ea49141e6dfc29a536f977eb1,1703442,2026-03-08 00:24:03.786949
DNRR2013.dbc,2013,RR,10814,59,59,e962662e3d9486a41ac00a3cd5a56b9e,678430,2026-03-08 00:24:08.484213
DNRS2013.dbc,2013,RS,141350,59,59,3533aab4c5fe52954c8b2773971e036f,8990169,2026-03-08 00:24:24.074905
DNSC2013.dbc,2013,SC,89875,59,59,dd845a322c28f978dd1fe65c6a08ab84,5706947,2026-03-08 00:24:35.257043
DNSE2013.dbc,2013,SE,34228,59,59,f63f17c7af216296a8204035587f9c27,2104072,2026-03-08 00:24:41.548744
DNSP2013.dbc,2013,SP,610896,59,59,a9628a32c3196d6172c38642fa085f02,37016540,2026-03-08 00:25:36.886597
DNTO2013.dbc,2013,TO,24119,59,59,d143a24ad816af01370742b4e6716734,1579901,2026-03-08 00:25:42.796148
DNAL2014.dbc,2014,AL,51859,61,61,fda5c356662b8ae0a89e1ad4178eb25b,3617873,2026-03-08 00:26:02.46861
DNAM2014.dbc,2014,AM,81145,61,61,c59a246956b71e96025d1b858e6d383a,5547384,2026-03-08 00:26:13.170055
DNAP2014.dbc,2014,AP,16271,61,61,06c46586d3cff8d0140e3bad3037a1d1,1149282,2026-03-08 00:26:18.350534
DNBA2014.dbc,2014,BA,204034,61,61,633048bf4a15da1b94606eadbbb62c14,14064277,2026-03-08 00:26:40.773843
DNCE2014.dbc,2014,CE,128681,61,61,bd97ce6e6da66c7a6df290555f3adf74,8848835,2026-03-08 00:26:56.2852
DNDF2014.dbc,2014,DF,44721,61,61,e3e4637a20cd277549dadd5862d39c3b,3363389,2026-03-08 00:27:04.690168
DNES2014.dbc,2014,ES,56548,61,61,7ecf348444658be175357ca2f38abd07,3910812,2026-03-08 00:27:13.702552
DNGO2014.dbc,2014,GO,99798,61,61,934fd79d36cd5494d36524ed0ef96768,8018735,2026-03-08 00:27:28.183018
DNMA2014.dbc,2014,MA,117071,61,61,455b0ed1c83519738233fce391aad867,8032984,2026-03-08 00:27:42.90554
DNMG2014.dbc,2014,MG,267130,61,61,0f83b28143d62a17d8f878d8275e8b7d,18994925,2026-03-08 00:28:12.58106
DNMS2014.dbc,2014,MS,44058,61,61,5f7645851e050c34e480c82d7a267ec6,3092046,2026-03-08 00:28:20.189808
DNMT2014.dbc,2014,MT,56499,61,61,9782c618be4c57414d5c30776d1b835d,3985286,2026-03-08 00:28:29.283604
DNPA2014.dbc,2014,PA,143503,61,61,bd9dc56690caa81dc15a38f13bc1959a,9856080,2026-03-08 00:28:46.311554
DNPB2014.dbc,2014,PB,57535,61,61,5c76431be12fbe71c2a383ea9f211f30,3933177,2026-03-08 00:28:55.322679
DNPE2014.dbc,2014,PE,143489,61,61,f36c6284b75217ceb1bd7064218f7e0a,10426190,2026-03-08 00:29:13.267109
DNPI2014.dbc,2014,PI,47941,61,61,a1fa4e33ac59b0db2b09cfcba6409b87,3310727,2026-03-08 00:29:21.215035
DNPR2014.dbc,2014,PR,159915,61,61,f563f0ce9374366db58fe73f791ff10b,11759465,2026-03-08 00:29:40.625169
DNRJ2014.dbc,2014,RJ,233584,61,61,716363df532ae3e4facc1b3437a5723e,16543172,2026-03-08 00:30:06.417108
DNRN2014.dbc,2014,RN,48111,61,61,d1cd2c4f1ddaaa1ab7a0ce23108362b3,3381427,2026-03-08 00:30:14.836717
DNRO2014.dbc,2014,RO,27560,61,61,bf76cd34172f789b413600de9c11a7e0,1885683,2026-03-08 00:30:21.063066
DNRR2014.dbc,2014,RR,11120,61,61,5b1c0b3a1785d94021607a003c4ee13c,761414,2026-03-08 00:30:25.853821
DNRS2014.dbc,2014,RS,143315,61,61,85421afbea444720e759eb8addc46f97,10154527,2026-03-08 00:30:43.679894
DNSC2014.dbc,2014,SC,93232,61,61,28d1eea8a081e0158b69e7ca6f535cb1,6674648,2026-03-08 00:30:56.499911
DNSE2014.dbc,2014,SE,34369,61,61,cd0d4f5fda3cc57dcddf72c16a22ee94,2378086,2026-03-08 00:31:03.461978
DNSP2014.dbc,2014,SP,625687,61,61,735ca085bde77e1b99786a0d0679b2a3,44313801,2026-03-08 00:32:06.549463
DNTO2014.dbc,2014,TO,24944,61,61,6c3aa1b12622174c5098608ea398a9f8,1807735,2026-03-08 00:32:12.96665
DNAC2015.dbc,2015,AC,16980,61,61,1b1c1502fabe58b6ad1994a1866cf901,1174447,2026-03-08 00:32:23.887758
DNAL2015.dbc,2015,AL,52257,61,61,5646ed8d05e80cd49a6647945e030ee9,3620100,2026-03-08 00:32:32.610426
DNAM2015.dbc,2015,AM,80097,61,61,75b963f0ac61c08a342318bd9a043fd9,5237867,2026-03-08 00:32:43.291442
DNAP2015.dbc,2015,AP,15750,61,61,b41bfeab6751b91558560b327101ca39,1110483,2026-03-08 00:32:48.675179
DNBA2015.dbc,2015,BA,206655,61,61,79dd07879e1573301211ea04bbcb7414,14415765,2026-03-08 00:33:11.160794
DNCE2015.dbc,2015,CE,132516,61,61,1ab1c4c68463904000a8f84a145e15cc,8751921,2026-03-08 00:33:26.772994
DNDF2015.dbc,2015,DF,46122,61,61,05928835a8d8e74cf0dbac8b9fc0ac99,3266062,2026-03-08 00:33:34.621181
DNES2015.dbc,2015,ES,56941,61,61,fe3ef0726ecbaca93be96b3824fe69fc,3929565,2026-03-08 00:33:43.859789
DNGO2015.dbc,2015,GO,100672,61,61,90fc10638d8760601f79666730afd56a,7249105,2026-03-08 00:33:57.757095
DNMA2015.dbc,2015,MA,117564,61,61,ae7f5b94ba5fee429bde659dcbdb620a,8081136,2026-03-08 00:34:12.100047
DNMG2015.dbc,2015,MG,268305,61,61,95dde97665f1be4c0093be1db92bf4e9,18891864,2026-03-08 00:34:41.666451
DNMS2015.dbc,2015,MS,44142,61,61,1229d59e2b7280f0a04ebe1c53161bb8,3074098,2026-03-08 00:34:49.587577
DNMT2015.dbc,2015,MT,56673,61,61,c080ed0df908182c6cc7db6c037fa9e7,4033028,2026-03-08 00:34:58.766783
DNPA2015.dbc,2015,PA,143657,61,61,3d193a441bd154a886bd2f867b86d68b,9869059,2026-03-08 00:35:15.490657
DNPB2015.dbc,2015,PB,59089,61,61,8e8529547fe6075353909d96712f4f12,4035922,2026-03-08 00:35:24.557441
DNPE2015.dbc,2015,PE,145024,61,61,abc78a22d07889c0d4f7bdce1811fee4,10353625,2026-03-08 00:35:42.009984
DNPI2015.dbc,2015,PI,49253,61,61,a29be127c17bc949a840ecc16c4e42c2,3398242,2026-03-08 00:35:50.087696
DNPR2015.dbc,2015,PR,160947,61,61,67c2d47912ccaea45f2efa931531f4b4,11496581,2026-03-08 00:36:08.679375
DNRJ2015.dbc,2015,RJ,236960,61,61,9794ee4da654158b2b2743a823bb2134,15772086,2026-03-08 00:36:33.532778
DNRN2015.dbc,2015,RN,49099,61,61,37d0b120114b31aaf3c373f647c246de,3400297,2026-03-08 00:36:42.013297
DNRO2015.dbc,2015,RO,27918,61,61,065f76c70b9db25a270eed61b5137b81,1940868,2026-03-08 00:36:48.413734
DNRR2015.dbc,2015,RR,11412,61,61,fb8316b31def968e477b08ad25d56dd4,800161,2026-03-08 00:36:53.37411
DNRS2015.dbc,2015,RS,148359,61,61,209db4c03bc88ca37d8288ac341df96b,10584504,2026-03-08 00:37:11.162612
DNSC2015.dbc,2015,SC,97223,61,61,4a993a722d14dcb9f78cc5f0052511b9,6967273,2026-03-08 00:37:23.957155
DNSE2015.dbc,2015,SE,34917,61,61,bd1e4ef9a654a246e6c8c57b6caf5d34,2368459,2026-03-08 00:37:31.0373
DNSP2015.dbc,2015,SP,634026,61,61,1e478d3a42b5d5f7ad3697414c01dbf6,42640365,2026-03-08 00:38:32.060812
DNTO2015.dbc,2015,TO,25110,61,61,e5ec33df83f647ca1f1ad5f9291fd655,1799433,2026-03-08 00:38:38.418523
DNAC2016.dbc,2016,AC,15773,61,61,a30c8380bf5245e8163d6ddfba60cac8,1063657,2026-03-08 00:38:48.568825
DNAL2016.dbc,2016,AL,48164,61,61,71af6e63c0c2cde147484141559a31cd,3287997,2026-03-08 00:38:56.346665
DNAM2016.dbc,2016,AM,76703,61,61,1fb24c18b4973344d9a5844442624625,5043621,2026-03-08 00:39:06.536872
DNAP2016.dbc,2016,AP,15521,61,61,d1de18a02a06dadfc83bb0b2add42174,1074590,2026-03-08 00:39:11.725816
DNBA2016.dbc,2016,BA,199830,61,61,4a155918432f716795b6ab6d54360792,13435353,2026-03-08 00:39:33.303511
DNCE2016.dbc,2016,CE,126246,61,61,0be8c4a5fae5e3cf7e27d382c5937493,8387889,2026-03-08 00:39:48.23489
DNDF2016.dbc,2016,DF,43340,61,61,8b59c18b1cf56fa8f6fa36334c7092cd,3027107,2026-03-08 00:39:55.949235
DNES2016.dbc,2016,ES,53413,61,61,e71236944575e8a31ddbad963ec70698,3544048,2026-03-08 00:40:04.230491
DNGO2016.dbc,2016,GO,95563,61,61,01e971384030e0b15783d229bf3214f3,7364053,2026-03-08 00:40:17.570792
DNMA2016.dbc,2016,MA,110493,61,61,5a7354baddb22e44007d6d39cd1cdd01,7394036,2026-03-08 00:40:31.171645
DNMG2016.dbc,2016,MG,253520,61,61,e3532b6ec680bad969f14d0e64a914ef,17408853,2026-03-08 00:40:58.440104
DNMS2016.dbc,2016,MS,42432,61,61,d1ac1ae4767a7420ce3333c65d96818b,3031747,2026-03-08 00:41:06.512181
DNMT2016.dbc,2016,MT,53531,61,61,9a6ed0b87286778565243c54618c7562,3638778,2026-03-08 00:41:15.210674
DNPA2016.dbc,2016,PA,137681,61,61,611945bc71fd9f96b93bedc1d6a911ce,9135286,2026-03-08 00:41:31.387237
DNPB2016.dbc,2016,PB,56083,61,61,69086c31c284b7281919e5ec6e80c212,3730969,2026-03-08 00:41:39.977589
DNPE2016.dbc,2016,PE,130733,61,61,6898a84ea3e35c7d025fcaa776ee2602,9244895,2026-03-08 00:41:56.334135
DNPI2016.dbc,2016,PI,46986,61,61,a61ddd700337bd452178929079d06c5d,3168844,2026-03-08 00:42:04.231902
DNPR2016.dbc,2016,PR,155066,61,61,fea5120cf92ebe2d68ee4975a77230e6,10701191,2026-03-08 00:42:22.511321
DNRJ2016.dbc,2016,RJ,219129,61,61,ebbd210583131f1cc6267feaf6d544df,15008182,2026-03-08 00:42:46.4556
DNRN2016.dbc,2016,RN,45366,61,61,18c5cf7e7e6a02445472f1d74415a531,3020083,2026-03-08 00:42:53.887724
DNRO2016.dbc,2016,RO,26602,61,61,f0d9601b507f4fa019d66466f1d235c8,1757200,2026-03-08 00:42:59.675091
DNRR2016.dbc,2016,RR,11376,61,61,5879346f8572cca1df2a6a72fe13b8bb,775011,2026-03-08 00:43:04.696186
DNRS2016.dbc,2016,RS,141411,61,61,305fd246fd0f8a2027f69ef2baa7c29b,9605635,2026-03-08 00:43:21.60216
DNSC2016.dbc,2016,SC,95313,61,61,03c41b20865b87319e96e7119e6fc949,6515444,2026-03-08 00:43:34.36171
DNSE2016.dbc,2016,SE,32218,61,61,bd699febbe76c253cd88c19e759bef13,2172019,2026-03-08 00:43:41.072203
DNSP2016.dbc,2016,SP,601437,61,61,b2b0c590e658298280b713e99e4e3e64,40690695,2026-03-08 00:44:40.381284
DNTO2016.dbc,2016,TO,23870,61,61,7736bf618c7f8a1f35335c6e861937c2,1658822,2026-03-08 00:44:46.138189
DNAC2017.dbc,2017,AC,16358,61,61,b9f199379e468c84c7c707353464c00d,1107998,2026-03-08 00:44:56.734481
DNAL2017.dbc,2017,AL,50368,61,61,38a0f1ea73e60ef7f94152b3081dad84,3372626,2026-03-08 00:45:04.839459
DNAM2017.dbc,2017,AM,78066,61,61,5483b9a08203d1cc7b6302a4ebd9ccb7,5351968,2026-03-08 00:45:15.667955
DNAP2017.dbc,2017,AP,15399,61,61,19fe1c8604910e7faf472352c2706698,1075556,2026-03-08 00:45:21.041299
DNBA2017.dbc,2017,BA,204096,61,61,b051523dd104dff8e37ae83a1d3768bf,14112656,2026-03-08 00:45:43.495655
DNCE2017.dbc,2017,CE,127797,61,61,0ad6043821d1b1dbb1d855ba9298127c,8712236,2026-03-08 00:45:58.765332
DNDF2017.dbc,2017,DF,44568,61,61,908810656271601f27e3b65bfae71233,3382086,2026-03-08 00:46:06.63102
DNES2017.dbc,2017,ES,55846,61,61,9ba1491c46ac6d5077495999de20a9ce,3846467,2026-03-08 00:46:15.653317
DNGO2017.dbc,2017,GO,97520,61,61,4171d0518a93a6df7b045ff7c3e667a0,7865374,2026-03-08 00:46:30.034201
DNMA2017.dbc,2017,MA,112985,61,61,ad82af8716899b8a5143594f602e36fb,7600627,2026-03-08 00:46:44.28615
DNMG2017.dbc,2017,MG,260959,61,61,635ac1cb0718d2206e13974dc80990a2,18582451,2026-03-08 00:47:12.761804
DNMS2017.dbc,2017,MS,44747,61,61,221565bcf15f5095b0d972f6edcd5fec,3311806,2026-03-08 00:47:20.801994
DNMT2017.dbc,2017,MT,57271,61,61,738f5480766ffb0c13da2df2c6b94569,4037502,2026-03-08 00:47:30.0507
DNPA2017.dbc,2017,PA,138684,61,61,7e2161a063b7949a02286cac6a400496,9450585,2026-03-08 00:47:46.262887
DNPB2017.dbc,2017,PB,57493,61,61,c307d13b4d24861a94c23003ba76f73d,3875569,2026-03-08 00:47:55.426482
DNPE2017.dbc,2017,PE,135932,61,61,3fb35d35883626483313e26548255925,9903887,2026-03-08 00:48:12.163377
DNPI2017.dbc,2017,PI,48551,61,61,3023c459d778d5ea5ac06b591c3991a9,3320840,2026-03-08 00:48:20.077699
DNPR2017.dbc,2017,PR,157701,61,61,bb91b5596e41cd381b42eefdea27220d,11333868,2026-03-08 00:48:39.150638
DNRJ2017.dbc,2017,RJ,223224,61,61,431f54b37570b701f55c6e1a2765239e,15848693,2026-03-08 00:49:04.491475
DNRN2017.dbc,2017,RN,46222,61,61,0c82eb9ed36c4ad7a835c328ee938316,3226475,2026-03-08 00:49:12.498404
DNRO2017.dbc,2017,RO,27503,61,61,3661503915423f90df0249bb7b74876c,1841257,2026-03-08 00:49:18.636779
DNRR2017.dbc,2017,RR,11737,61,61,325bdfc297f397aae76cb2f6fd09564c,809322,2026-03-08 00:49:23.452226
DNRS2017.dbc,2017,RS,141568,61,61,b0d4953554930865a292d755c3a14a32,10020273,2026-03-08 00:49:40.89939
DNSC2017.dbc,2017,SC,98335,61,61,90d6463f8924f1cadeaa9178cd0cac88,6999799,2026-03-08 00:49:53.756699
DNSE2017.dbc,2017,SE,33867,61,61,0305801ac894958e35d2b4c14316c7aa,2335576,2026-03-08 00:50:00.411339
DNSP2017.dbc,2017,SP,611803,61,61,be1d47f0f96f1afdabeff9e2b3f68429,42947030,2026-03-08 00:51:02.26042
DNTO2017.dbc,2017,TO,24935,61,61,b5eb9279baa19998fe01ae5d7363f3f4,1790091,2026-03-08 00:51:08.565288
DNAC2018.dbc,2018,AC,16543,61,61,9397e9c814e6cc2e0dc9b30cc4103d9e,789957,2026-03-08 00:51:18.692397
DNAL2018.dbc,2018,AL,52496,61,61,4502632da66153dc4c25dd1106fbd0f7,2500118,2026-03-08 00:51:25.911613
DNAM2018.dbc,2018,AM,78087,61,61,6f71f73aad4552365decfd54f46f45ae,3734578,2026-03-08 00:51:34.911422
DNAP2018.dbc,2018,AP,15864,61,61,f624cf116a3e491d5cb5665c05c9bdb3,754774,2026-03-08 00:51:39.590692
DNBA2018.dbc,2018,BA,205332,61,61,44a39ce007cd37505468df265fbd4c7a,9926640,2026-03-08 00:51:56.887496
DNCE2018.dbc,2018,CE,131491,61,61,c30a9ac0640fca0e03f277db07eb6b0c,6239443,2026-03-08 00:52:09.581175
DNDF2018.dbc,2018,DF,44195,61,61,2cd7fec1c5cf256a1e1b609b101a7ef8,2329134,2026-03-08 00:52:16.710132
DNES2018.dbc,2018,ES,56721,61,61,d206c91da2b0be5e1a33814a6d7cd718,2766979,2026-03-08 00:52:24.167075
DNGO2018.dbc,2018,GO,98872,61,61,d66cc326ae84feb03addb3d866a38243,5515210,2026-03-08 00:52:35.207757
DNMA2018.dbc,2018,MA,117156,61,61,a0db4f099370ed93740781c44dd123a3,5573474,2026-03-08 00:52:46.586328
DNMG2018.dbc,2018,MG,263640,61,61,05595b57313ee62a94f0c7ec42e92a67,13105525,2026-03-08 00:53:09.047974
DNMS2018.dbc,2018,MS,44275,61,61,2dfa0a4fd2db43fd69eab76aaee57d13,2266094,2026-03-08 00:53:16.200977
DNMT2018.dbc,2018,MT,58649,61,61,ee6149309c09afe1ca1dd88183029b71,2909745,2026-03-08 00:53:24.014455
DNPA2018.dbc,2018,PA,141819,61,61,bb136df76cef142d4d6befc9d521d6c2,6791365,2026-03-08 00:53:37.608016
DNPB2018.dbc,2018,PB,60205,61,61,f0099b5a6bf325b832577c429b1e2f59,2871150,2026-03-08 00:53:45.359085
DNPE2018.dbc,2018,PE,138317,61,61,2c92b2a4e973f210336e58aaa83722fa,6942740,2026-03-08 00:53:58.531271
DNPI2018.dbc,2018,PI,49490,61,61,6130a3b64581b06dadf4b9b2a84e4a95,2393602,2026-03-08 00:54:05.601589
DNPR2018.dbc,2018,PR,156201,61,61,19a835e7905aa0ea77b2b6371cd5b774,7802968,2026-03-08 00:54:20.191105
DNRJ2018.dbc,2018,RJ,220499,61,61,a23ce2f5a75381493dccdd501a3ce6e7,10784999,2026-03-08 00:54:38.981469
DNRN2018.dbc,2018,RN,48107,61,61,25aeba91cc156465e8ae0edcce976bb7,2345617,2026-03-08 00:54:46.212321
DNRO2018.dbc,2018,RO,28091,61,61,124deb1b0f448abcabad94ccbee29c77,1366872,2026-03-08 00:54:52.169614
DNRR2018.dbc,2018,RR,13344,61,61,0edc20aa96eba8403240b669776c92ce,636257,2026-03-08 00:54:56.881803
DNRS2018.dbc,2018,RS,140047,61,61,b60637d033e0d1d34345c293478e8421,6967688,2026-03-08 00:55:10.522525
DNSC2018.dbc,2018,SC,99609,61,61,fd51404760fd6b4ed7411cd2250b81d8,4951406,2026-03-08 00:55:20.676692
DNSE2018.dbc,2018,SE,34256,61,61,9199dc388ed28bf38397817242d06af2,1624568,2026-03-08 00:55:26.710648
DNSP2018.dbc,2018,SP,606146,61,61,8356b24679749333914977b784aa46b6,29673856,2026-03-08 00:56:11.964393
DNTO2018.dbc,2018,TO,25480,61,61,663a14fe174bb1697838f2d5670aec2f,1270086,2026-03-08 00:56:17.633918
DNAC2019.dbc,2019,AC,16280,61,61,1eee9349605083c0e266b112a0e92853,770010,2026-03-08 00:56:28.325087
DNAL2019.dbc,2019,AL,49803,61,61,c72cd6f2d13739cef834e29c178a3353,2281934,2026-03-08 00:56:35.230142
DNAM2019.dbc,2019,AM,77622,61,61,ba6809f9283e5a60fcd103438fb4e026,3664913,2026-03-08 00:56:44.183602
DNAP2019.dbc,2019,AP,15356,61,61,5106b285e520a29e8d6b546fa9b32f2f,709295,2026-03-08 00:56:48.669403
DNBA2019.dbc,2019,BA,197249,61,61,aeff5431812de88a9a16f826ec3a32fb,9515045,2026-03-08 00:57:05.542598
DNCE2019.dbc,2019,CE,129185,61,61,30f250a99874a986ca54fdf6a3266dc8,6117610,2026-03-08 00:57:17.74517
DNDF2019.dbc,2019,DF,42422,61,61,dbb0987e06ae3a522b03070de6e4632a,2216423,2026-03-08 00:57:24.653993
DNES2019.dbc,2019,ES,54925,61,61,4be59862ca870c3d960478116dfd71fe,2664834,2026-03-08 00:57:32.220448
DNGO2019.dbc,2019,GO,96112,61,61,d1f53beaba78fb907d450062381c2bd7,5281993,2026-03-08 00:57:43.103713
DNMA2019.dbc,2019,MA,113317,61,61,c5f3280b5396b4f571dd5cd8281a7e9a,5374627,2026-03-08 00:57:54.021238
DNMG2019.dbc,2019,MG,256892,61,61,e76f1bea901bb75e883892ee64bc92a7,12750904,2026-03-08 00:58:15.774887
DNMS2019.dbc,2019,MS,43695,61,61,d91e8369b08b5d66e5bf02aa5decfc30,2229603,2026-03-08 00:58:22.736406
DNMT2019.dbc,2019,MT,58852,61,61,ff30586b89484fa240d04682c5dbd6a3,2919907,2026-03-08 00:58:30.130069
DNPA2019.dbc,2019,PA,138341,61,61,25d12dd71311b08b6ee10316fcaac56c,6590323,2026-03-08 00:58:42.927836
DNPB2019.dbc,2019,PB,57701,61,61,216fa06a01d966c23f7b84f0ee3e12ce,2748029,2026-03-08 00:58:50.229652
DNPE2019.dbc,2019,PE,133359,61,61,9c7939ef6bec51b40fa6a4e428ca573a,6701467,2026-03-08 00:59:03.557405
DNPI2019.dbc,2019,PI,47933,61,61,3945a535b7fc901ca77b8ff3c028d3de,2321429,2026-03-08 00:59:10.594642
DNPR2019.dbc,2019,PR,153469,61,61,29d96d8ba65f8c014c4f7f185612ef06,7680690,2026-03-08 00:59:24.719815
DNRJ2019.dbc,2019,RJ,207989,61,61,dfaafff8ff14438488a3cc86703445c6,10131168,2026-03-08 00:59:42.539947
DNRN2019.dbc,2019,RN,44031,61,61,5d9ebaf3724778e5e640edb2cd4dd3bb,2153186,2026-03-08 00:59:49.344225
DNRO2019.dbc,2019,RO,27028,61,61,c95dc0965d13620918e3a8828d103dc5,1327854,2026-03-08 00:59:55.181369
DNRR2019.dbc,2019,RR,14620,61,61,997b433913f3871ff90aa85952b7ed2e,695769,2026-03-08 00:59:59.752597
DNRS2019.dbc,2019,RS,134596,61,61,7dbaa7d32762a0e5400a4c90f3028ed3,6703393,2026-03-08 01:00:13.133545
DNSC2019.dbc,2019,SC,98032,61,61,5bacc10193cb3034ec71b6868dac7856,4858460,2026-03-08 01:00:23.336
DNSE2019.dbc,2019,SE,32697,61,61,fe86cdd5a2dcf248da3fff948b9f7730,1559640,2026-03-08 01:00:29.163538
DNSP2019.dbc,2019,SP,583191,61,61,94b5e8bf4cde05357bb029aeb1b130f4,28609376,2026-03-08 01:01:13.108767
DNTO2019.dbc,2019,TO,24449,61,61,0b0fe9d4ccf28a61ea8488e010358356,1214962,2026-03-08 01:01:18.3876
DNAC2020.dbc,2020,AC,15142,61,61,168c36a5472ad71a655ac4d23d0fb953,723052,2026-03-08 01:01:29.066673
DNAL2020.dbc,2020,AL,48341,61,61,2d3914aa808e4f90a0ed559b1253604f,2366496,2026-03-08 01:01:35.905932
DNAM2020.dbc,2020,AM,75635,61,61,3ecb08d3f8c8b64deeee00fd2923cd15,3578615,2026-03-08 01:01:44.343154
DNAP2020.dbc,2020,AP,14633,61,61,f541e33c040b87ee0faf0cdfaf9a3f58,684434,2026-03-08 01:01:48.950606
DNBA2020.dbc,2020,BA,188960,61,61,cb3484c4c6b269dfd57efdc94d4a0fdf,9158512,2026-03-08 01:02:05.430552
DNCE2020.dbc,2020,CE,121904,61,61,b6b066783d8ab2af85464d2ed0b9f7c5,5827186,2026-03-08 01:02:17.297336
DNDF2020.dbc,2020,DF,39361,61,61,f121c4cea69110a765b2c6bf346f99a6,2018077,2026-03-08 01:02:23.853968
DNES2020.dbc,2020,ES,53767,61,61,8ddf056b9926b7ee987e1c84910e2614,2612944,2026-03-08 01:02:30.997335
DNGO2020.dbc,2020,GO,92768,61,61,90dbe0ec483bd55aaf6013ee1c170574,5119713,2026-03-08 01:02:41.671167
DNMA2020.dbc,2020,MA,106079,61,61,2cd137805548e1f6fd1cd168efe216e6,4926900,2026-03-08 01:02:52.127124
DNMG2020.dbc,2020,MG,247198,61,61,1a27c7a21322fb414ea144bbd2ac8c8d,12263882,2026-03-08 01:03:12.898529
DNMS2020.dbc,2020,MS,41308,61,61,a98e971d0e7fc9e726233051791db00b,2111161,2026-03-08 01:03:19.604479
DNMT2020.dbc,2020,MT,57037,61,61,dbfbb72b420ea4c622edce1a4b6c2b8e,2819042,2026-03-08 01:03:27.214684
DNPA2020.dbc,2020,PA,132938,61,61,e856961f153d255722efea4934867d9f,6345660,2026-03-08 01:03:39.523785
DNPB2020.dbc,2020,PB,56379,61,61,b6748ebf703af3b6eee74840adf8ba90,2673986,2026-03-08 01:03:46.930821
DNPE2020.dbc,2020,PE,128481,61,61,17f83dac5c6f3cef36512fc761c3be81,6445729,2026-03-08 01:03:59.741194
DNPI2020.dbc,2020,PI,45229,61,61,39eabf5aa2247ce3fa5f7d10eb07b6d7,2183499,2026-03-08 01:04:06.718336
DNPR2020.dbc,2020,PR,146291,61,61,132a52c428f3239cdeccf51f45976e02,7353352,2026-03-08 01:04:21.027414
DNRJ2020.dbc,2020,RJ,199124,61,61,0cc1b65dee5b212ed1d2e6ada16bd360,9773190,2026-03-08 01:04:38.348455
DNRN2020.dbc,2020,RN,43531,61,61,9f6fd384bd8f19ac1dfd51a4638560d6,2138623,2026-03-08 01:04:44.709443
DNRO2020.dbc,2020,RO,25798,61,61,2ecaf13f99677ab0b6384474335a9951,1270903,2026-03-08 01:04:49.891507
DNRR2020.dbc,2020,RR,13760,61,61,73f9bace41346686e2707822e7b401b9,659650,2026-03-08 01:04:54.762823
DNRS2020.dbc,2020,RS,130742,61,61,5db646fcfe67fe8a138b592f89b68785,6525888,2026-03-08 01:05:07.719857
DNSC2020.dbc,2020,SC,97916,61,61,f0465b568713d407b6d2699419fa0faf,4877045,2026-03-08 01:05:18.244493
DNSE2020.dbc,2020,SE,31784,61,61,ed6ee868eda47ce9d9c31b8b1dbe34df,1512492,2026-03-08 01:05:24.058459
DNSP2020.dbc,2020,SP,552310,61,61,586edb44af642a75d02f45ec6e99dcfa,27048789,2026-03-08 01:06:05.537606
DNTO2020.dbc,2020,TO,23729,61,61,e1142288c1d86308360f475090f11901,1173006,2026-03-08 01:06:11.021469
DNAC2021.dbc,2021,AC,15699,61,61,991a40fcd1167181493e61e601210dca,739297,2026-03-08 01:06:21.457958
DNAL2021.dbc,2021,AL,48808,61,61,eb172a543493346a160096edc87e2e97,2384458,2026-03-08 01:06:28.635827
DNAM2021.dbc,2021,AM,78454,61,61,a955a2a60df5b129c0dd49ccf015e54f,3705733,2026-03-08 01:06:37.640046
DNAP2021.dbc,2021,AP,14993,61,61,3607085ccd2c7dbe21a5dafdbbd87637,711100,2026-03-08 01:06:42.102278
DNBA2021.dbc,2021,BA,185459,61,61,3ed80307818ea63127cf6969891b3d9b,8884910,2026-03-08 01:06:58.002663
DNCE2021.dbc,2021,CE,120266,61,61,92ac4939ae7908b93b2877da25bd7dbd,5720901,2026-03-08 01:07:09.634012
DNDF2021.dbc,2021,DF,38035,61,61,6694df8b4d5ff597fac0ee5588ad643a,1944717,2026-03-08 01:07:15.896454
DNES2021.dbc,2021,ES,52493,61,61,0684818e5639365ccb02577321a3bec1,2547705,2026-03-08 01:07:23.249419
DNGO2021.dbc,2021,GO,90961,61,61,cbcc167af3d4dccbda17f8a789f83384,5010029,2026-03-08 01:07:34.37879
DNMA2021.dbc,2021,MA,108667,61,61,86859122aa5c37e4e019bdacef7071c8,5049185,2026-03-08 01:07:45.590135
DNMG2021.dbc,2021,MG,242136,61,61,b95d9a5757e2124480f17c182967b349,12040074,2026-03-08 01:08:05.897877
DNMS2021.dbc,2021,MS,42173,61,61,ded0c30f81cdf87d952d65f963d79e64,2162293,2026-03-08 01:08:12.792188
DNMT2021.dbc,2021,MT,57841,61,61,42c5ed2051027c92c5b86b6a0484776a,2865816,2026-03-08 01:08:20.60814
DNPA2021.dbc,2021,PA,137129,61,61,3a0313a8b0b5cffd6213a129265eccda,6536086,2026-03-08 01:08:33.588669
DNPB2021.dbc,2021,PB,56049,61,61,3aded6944a5d06447da5626110c07271,2650332,2026-03-08 01:08:41.05835
DNPE2021.dbc,2021,PE,126211,61,61,23ec354fd97225ee0dc9f9fb74c08f8a,6331295,2026-03-08 01:08:53.759247
DNPI2021.dbc,2021,PI,45978,61,61,855c7a6df2574b4bd2fba5fa8871da92,2218541,2026-03-08 01:09:00.235652
DNPR2021.dbc,2021,PR,141976,61,61,bd1d7ac68c0bebca2d8b3ef9d7eb8f77,7116364,2026-03-08 01:09:13.992464
DNRJ2021.dbc,2021,RJ,189866,61,61,a236dc3f2dd269f779eda376ad2468e5,9333732,2026-03-08 01:09:30.581405
DNRN2021.dbc,2021,RN,43430,61,61,0305ac14827970321035cbb6452e6566,2134865,2026-03-08 01:09:36.893877
DNRO2021.dbc,2021,RO,25439,61,61,127ab9a1548ca1cc19685147cdbea6df,1258609,2026-03-08 01:09:42.352929
DNRR2021.dbc,2021,RR,13901,61,61,1dc06e8b09de46edf27e59bb8a64a121,670493,2026-03-08 01:09:47.211406
DNRS2021.dbc,2021,RS,124446,61,61,d07d03f5b42a2733d3c94ebe921fb9e9,6203343,2026-03-08 01:09:59.430751
DNSC2021.dbc,2021,SC,96499,61,61,397e3d631f7f793870bb4ca0415bf0df,4789562,2026-03-08 01:10:09.311344
DNSE2021.dbc,2021,SE,31206,61,61,166592b1554179eca5cfaa382fc78f76,1481899,2026-03-08 01:10:14.840537
DNSP2021.dbc,2021,SP,525239,61,61,c254a2419a6fddd579be8d67701341d5,25696926,2026-03-08 01:10:54.555719
DNTO2021.dbc,2021,TO,23747,61,61,2f858c9232d41b8342b5ee520cf86a74,1181549,2026-03-08 01:10:59.906405
DNAC2022.dbc,2022,AC,14483,61,61,8abe47426a6a7232a283b1564fe69e6f,681675,2026-03-08 01:11:10.299879
DNAL2022.dbc,2022,AL,45742,61,61,aa24d3c43e2f76e4a20c03a292aa9c00,2249915,2026-03-08 01:11:16.8518
DNAM2022.dbc,2022,AM,72519,61,61,b177a505a4f121b37e3bba7988b33858,3425808,2026-03-08 01:11:25.281922
DNAP2022.dbc,2022,AP,13615,61,61,bb723e42ac1f007f4784177f0837e4bb,646655,2026-03-08 01:11:29.551546
DNBA2022.dbc,2022,BA,173824,61,61,ec9f79e86d2c2076cff74449c006f04f,8459891,2026-03-08 01:11:45.086467
DNCE2022.dbc,2022,CE,112308,61,61,a3e691759af4df6d6ed8b5577e4552b6,5401233,2026-03-08 01:11:55.821592
DNDF2022.dbc,2022,DF,35928,61,61,f043af3395257e039ca8bdd8ee834b4d,1843124,2026-03-08 01:12:02.02772
DNES2022.dbc,2022,ES,51729,61,61,71dc83cef8f052706655b9f8762d53f5,2495761,2026-03-08 01:12:09.496886
DNGO2022.dbc,2022,GO,89745,61,61,fd5852674890f9c197747dd3c34d51fd,4913424,2026-03-08 01:12:20.10116
DNMA2022.dbc,2022,MA,97964,61,61,64e9c7a0b3dccd862e3e19fea352a1ff,4671206,2026-03-08 01:12:30.168804
DNMG2022.dbc,2022,MG,235063,61,61,3f25c18cd3c74c323d862396eb7f4404,11701773,2026-03-08 01:12:50.273138
DNMS2022.dbc,2022,MS,40485,61,61,d749b17aff94edfcc88685d7ab6df207,2083696,2026-03-08 01:12:56.950701
DNMT2022.dbc,2022,MT,58169,61,61,cb66de08e1cd0628f864739ad1a9d6fe,2902275,2026-03-08 01:13:04.876661
DNPA2022.dbc,2022,PA,128000,61,61,6fce78faeac93411d50e30c319a2eabf,6138503,2026-03-08 01:13:17.437127
DNPB2022.dbc,2022,PB,50892,61,61,3e5f392e3f87c93ab6fdbaecbb5a90e6,2429336,2026-03-08 01:13:24.756022
DNPE2022.dbc,2022,PE,117437,61,61,4ebfe73e097b82e0ced57c5024ff932f,5894169,2026-03-08 01:13:36.869982
DNPI2022.dbc,2022,PI,42247,61,61,1d7351f08c06f8ae93ef0ea219a4bc9c,2039616,2026-03-08 01:13:43.519512
DNPR2022.dbc,2022,PR,140637,61,61,6553799dafd5737fe6d144cfbe06df8d,7041480,2026-03-08 01:13:57.385446
DNRJ2022.dbc,2022,RJ,180369,61,61,c9d220df21184e887436efea37eea01b,8895577,2026-03-08 01:14:13.366488
DNRN2022.dbc,2022,RN,40037,61,61,831806c2a7639dd0d08a736590183a8c,1967335,2026-03-08 01:14:19.811606
DNRO2022.dbc,2022,RO,24901,61,61,fa9d3855e128c3ed7c4715489d86ea59,1235315,2026-03-08 01:14:24.957613
DNRR2022.dbc,2022,RR,13091,61,61,de9d2b39db9de9813b8b7fcf0d97a7e8,641046,2026-03-08 01:14:29.347086
DNRS2022.dbc,2022,RS,120942,61,61,a8a7d56e13979f70206aa5c7da918e02,6048820,2026-03-08 01:14:41.281844
DNSC2022.dbc,2022,SC,98202,61,61,ac931e2d403849e585ea8b6058453a09,4918847,2026-03-08 01:14:51.664559
DNSE2022.dbc,2022,SE,28524,61,61,910be05622ce1913a8e7ec053ae71fa9,1369364,2026-03-08 01:14:57.148685
DNSP2022.dbc,2022,SP,512520,61,61,065b4d4f82af1e0db0396eacd3a4a784,25153015,2026-03-08 01:15:36.416286
DNTO2022.dbc,2022,TO,22549,61,61,d9be553aecee35fcd37d2483903463db,1127918,2026-03-08 01:15:41.677214
DNAC2014.dbc,2014,AC,17139,61,61,6563f2db5dbeff3288f586118fc537f4,1163842,2026-08-10 04:45:17.73249
