arquivo,etag_servidor,content_length,hash_md5_zip,n_registros,n_partes_json,data_processamento,ano,mes,url_origem,pipeline_version,git_commit
vacinacao_mar_2024_json.zip,"""95fc140e63c15e1d535fd5cd988adbdf""",1675788898,95fc140e63c15e1d535fd5cd988adbdf,9532689,24,2026-02-25 00:51:04.232720,2024,3,https://s3.sa-east-1.amazonaws.com/ckan.saude.gov.br/PNI/json/vacinacao_mar_2024.json.zip,,
vacinacao_abr_2024_json.zip,"""954a8a7b078843503ee5ee9f264b1ca8""",2001049269,954a8a7b078843503ee5ee9f264b1ca8,11644713,30,2026-02-25 01:06:09.647371,2024,4,https://s3.sa-east-1.amazonaws.com/ckan.saude.gov.br/PNI/json/vacinacao_abr_2024.json.zip,,
vacinacao_mai_2024_json.zip,"""04743f0c2e7a73c035ffc7a36100afff""",1688105936,04743f0c2e7a73c035ffc7a36100afff,9565338,24,2026-02-25 01:17:56.186970,2024,5,https://s3.sa-east-1.amazonaws.com/ckan.saude.gov.br/PNI/json/vacinacao_mai_2024.json.zip,,
vacinacao_jun_2024_json.zip,"""8d06ab1255c62233ed74f11584b9bfa1""",2628037520,8d06ab1255c62233ed74f11584b9bfa1,14782975,37,2026-02-25 01:36:52.131816,2024,6,https://s3.sa-east-1.amazonaws.com/ckan.saude.gov.br/PNI/json/vacinacao_jun_2024.json.zip,,
vacinacao_jul_2024_json.zip,"""e5a55ec60d37bb6c2884497f7c1f3a9a""",1633230758,e5a55ec60d37bb6c2884497f7c1f3a9a,9280071,24,2026-02-25 01:48:33.926409,2024,7,https://s3.sa-east-1.amazonaws.com/ckan.saude.gov.br/PNI/json/vacinacao_jul_2024.json.zip,,
vacinacao_ago_2024_json.zip,"""65873cc3598eb0b4d8b82d9ee6b63aab""",1543811857,65873cc3598eb0b4d8b82d9ee6b63aab,7736720,20,2026-02-25 01:58:28.007205,2024,8,https://s3.sa-east-1.amazonaws.com/ckan.saude.gov.br/PNI/json/vacinacao_ago_2024.json.zip,,
vacinacao_set_2024_json.zip,"""7d583d72b3463d1086d377d0384040c3""",230153122,7d583d72b3463d1086d377d0384040c3,1181608,3,2026-02-25 02:00:37.620921,2024,9,https://s3.sa-east-1.amazonaws.com/ckan.saude.gov.br/PNI/json/vacinacao_set_2024.json.zip,,
vacinacao_out_2024_json.zip,"""b0f0b06bd240ccac7d423e7d83c0c32d-74""",1267315907,5f5a006c379909987f53f0e999457150,7621489,20,2026-02-25 02:10:10.503818,2024,10,https://s3.sa-east-1.amazonaws.com/ckan.saude.gov.br/PNI/json/vacinacao_out_2024.json.zip,,
vacinacao_nov_2024_json.zip,"""1a4a0d3c895fba98c26fd28712e467d9-77""",1308438017,a805238dc0d43747e9f1a9d9a6977dff,7846899,20,2026-02-25 02:19:51.202670,2024,11,https://s3.sa-east-1.amazonaws.com/ckan.saude.gov.br/PNI/json/vacinacao_nov_2024.json.zip,,
vacinacao_dez_2024_json.zip,"""16bf9acbbaa5745022a61932714156a4-55""",943416136,231e7459eb6fcd01e5314cf6826e5f96,5631048,15,2026-02-25 02:27:24.426088,2024,12,https://s3.sa-east-1.amazonaws.com/ckan.saude.gov.br/PNI/json/vacinacao_dez_2024.json.zip,,
vacinacao_abr_2025_json.zip,"""6803c1e78cec899ef72aaa261ca5e917-340""",2851191218,fc90f6057d0699029329e8637a9470ea,17400292,1,2026-02-25 05:30:50.874976,2025,4,https://s3.sa-east-1.amazonaws.com/ckan.saude.gov.br/PNI/json/vacinacao_abr_2025.json.zip,,
vacinacao_jan_2025_json.zip,"""688a1c869a8a44ea34cb32571da06ed6-213""",1782510876,4125e242edff9bb156537c870bd5d80a,10748175,1,2026-08-06 10:49:31.326290,2025,1,https://s3.sa-east-1.amazonaws.com/ckan.saude.gov.br/PNI/json/vacinacao_jan_2025_json.zip,,
vacinacao_fev_2025_json.zip,"""f7049930951eb1d1972c840231ed36ae-174""",1452459299,e36788dfa3217abcbf1f1c83a4c52013,8800499,1,2026-08-06 11:25:35.219775,2025,2,https://s3.sa-east-1.amazonaws.com/ckan.saude.gov.br/PNI/json/vacinacao_fev_2025_json.zip,,
vacinacao_mar_2025_json.zip,"""860439c15bc0a249eaecd72bba011061-178""",1485959802,e273b942cfa32f6eff326e4eef3903b4,9272564,1,2026-08-06 12:03:53.945346,2025,3,https://s3.sa-east-1.amazonaws.com/ckan.saude.gov.br/PNI/json/vacinacao_mar_2025_json.zip,,
vacinacao_mai_2025_json.zip,"""93265a2a9142c46ed9fd2f7997d3f3fc-594""",4978402566,c2cdac2b70a85d65ae2c4b3e578f55f4,30892086,1,2026-08-06 14:12:08.929256,2025,5,https://s3.sa-east-1.amazonaws.com/ckan.saude.gov.br/PNI/json/vacinacao_mai_2025_json.zip,,
vacinacao_jun_2025_json.zip,"""1a31c071a01f5318dd49215a90d865a8-376""",3149487620,75d1e23162b7bcaa06dbde4e4d7dcc59,19731574,1,2026-08-06 15:35:55.151670,2025,6,https://s3.sa-east-1.amazonaws.com/ckan.saude.gov.br/PNI/json/vacinacao_jun_2025_json.zip,,
vacinacao_jul_2025_json.zip,"""6e87e06088afea36afb1b16bcb86a44a-283""",2369672691,05f4e7d6877f136ffd58c222ef5df014,14810885,1,2026-08-06 16:37:02.878958,2025,7,https://s3.sa-east-1.amazonaws.com/ckan.saude.gov.br/PNI/json/vacinacao_jul_2025_json.zip,,
vacinacao_ago_2025_json.zip,"""bbfd1aa2c81bc54fe61cd813ae71c4bf-212""",1778305206,971437b98679f82c42f1b811d152d6b3,11072062,1,2026-08-06 17:29:08.832495,2025,8,https://s3.sa-east-1.amazonaws.com/ckan.saude.gov.br/PNI/json/vacinacao_ago_2025_json.zip,,
vacinacao_set_2025_json.zip,"""5dea416aded984c51ba3fafcf39057f9-223""",1867507119,62d58ca71b8f6e55022146e8cc609a79,11473442,1,2026-08-06 18:15:37.229753,2025,9,https://s3.sa-east-1.amazonaws.com/ckan.saude.gov.br/PNI/json/vacinacao_set_2025_json.zip,,
vacinacao_out_2025_json.zip,"""bc045b670edcdf4e51c95d42d663d2f3-259""",2170385852,3474afa1d58884b4c31c4b231d6cee68,13246074,1,2026-08-06 19:09:18.806457,2025,10,https://s3.sa-east-1.amazonaws.com/ckan.saude.gov.br/PNI/json/vacinacao_out_2025_json.zip,,
vacinacao_nov_2025_json.zip,"""af5add732bdcb5c30ce451500bc06d0a-212""",1772012197,e3f1207e6fb97580c356eaaeca4d568c,10797896,1,2026-08-06 19:53:32.096591,2025,11,https://s3.sa-east-1.amazonaws.com/ckan.saude.gov.br/PNI/json/vacinacao_nov_2025_json.zip,,
vacinacao_dez_2025_json.zip,"""0c49e01cd7e2c7b1cebb1d8fb3aa54ca-183""",1532004859,fb10d87772e2166b075a83ee963304f3,9365967,1,2026-08-06 20:31:25.909901,2025,12,https://s3.sa-east-1.amazonaws.com/ckan.saude.gov.br/PNI/json/vacinacao_dez_2025_json.zip,,
vacinacao_jan_2026_json.zip,"""afdb2e053e58fb74ccb22d1f615938ce-291""",2438128897,2cd98c7f3a13014f6446f5590aafc0a1,11857560,1,2026-08-17 04:50:54.017034,2026,1,https://s3.sa-east-1.amazonaws.com/ckan.saude.gov.br/PNI/json/vacinacao_jan_2026_json.zip,,
vacinacao_fev_2026_json.zip,"""abc79a85a4dafe4fe36ef260560b0214-221""",1850703252,ec8ac53437cd38c439c932bf44a8e609,8908174,1,2026-08-17 05:28:15.311697,2026,2,https://s3.sa-east-1.amazonaws.com/ckan.saude.gov.br/PNI/json/vacinacao_fev_2026_json.zip,,
vacinacao_mar_2026_json.zip,"""9d4597ad08fdf3c9c3a2847d9761af52-391""",3272505349,bbb56826db1a9dcc7c13d3c653d7b2a4,15958711,1,2026-08-17 06:34:00.705742,2026,3,https://s3.sa-east-1.amazonaws.com/ckan.saude.gov.br/PNI/json/vacinacao_mar_2026_json.zip,,
vacinacao_abr_2026_json.zip,"""8da40232a8c4cee1628ad0928be66a20-660""",5533818344,1a88f05449b3d0fa9c2d74db359de1ce,27426213,1,2026-08-17 08:36:02.360345,2026,4,https://s3.sa-east-1.amazonaws.com/ckan.saude.gov.br/PNI/json/vacinacao_abr_2026_json.zip,,
vacinacao_mai_2026_json.zip,"""79384f9d051e0d67e2425444e3adc257-512""",4288382776,027088f53b9892e6ef49e87cee9e3346,21038481,1,2026-08-17 10:03:02.185991,2026,5,https://s3.sa-east-1.amazonaws.com/ckan.saude.gov.br/PNI/json/vacinacao_mai_2026_json.zip,,
vacinacao_jun_2026_json.zip,"""af065b6fcab1f833351407a4d8a6d60a-415""",3474999727,b81563d6c97c64e25a1b5f023fa9b2a3,17253238,1,2026-08-17 11:15:19.437830,2026,6,https://s3.sa-east-1.amazonaws.com/ckan.saude.gov.br/PNI/json/vacinacao_jun_2026_json.zip,,
vacinacao_jul_2026_json.zip,"""e6d9965a42969f8bb122d05641c127f2-309""",2586412526,a52dad9fe605a6679507145091b5f442,12716228,1,2026-08-17 12:09:32.735473,2026,7,https://s3.sa-east-1.amazonaws.com/ckan.saude.gov.br/PNI/json/vacinacao_jul_2026_json.zip,,
vacinacao_ago_2026_json.zip,"""027b82e5a19f41a8f72695181c55ba94-122""",1017489373,69e09a3b3aef5f8a4205dcf4a1b3d0ab,5215580,1,2026-08-17 12:30:59.357213,2026,8,https://s3.sa-east-1.amazonaws.com/ckan.saude.gov.br/PNI/json/vacinacao_ago_2026_json.zip,,
vacinacao_jan_2020_json.zip,"""574083fef599484e2984e23799efcca4-86""",1462663583,0ceddd7735be766477aca134b9d8d4c7,7831999,1,2026-08-24 04:39:51.612731,2020,1,https://s3.sa-east-1.amazonaws.com/ckan.saude.gov.br/PNI/json/vacinacao_jan_2020_json.zip,1.2.2,1deb10fb81faeec5c953acdfcc52f64fe34ccc3d
vacinacao_fev_2020_json.zip,"""ee51083fef25dd985493880bca3af963-95""",1624152923,7c65912797cede379e0020ec843fb7da,8668875,1,2026-08-24 05:14:49.530186,2020,2,https://s3.sa-east-1.amazonaws.com/ckan.saude.gov.br/PNI/json/vacinacao_fev_2020_json.zip,1.2.2,1deb10fb81faeec5c953acdfcc52f64fe34ccc3d
vacinacao_jan_2021_json.zip,"""1d5197236d427f8cc52b6281607f3a02-108""",1839724509,b5576d34c98947aa7ec4f0cac13ab86d,9633303,1,2026-08-24 12:09:04.527690,2021,1,https://s3.sa-east-1.amazonaws.com/ckan.saude.gov.br/PNI/json/vacinacao_jan_2021_json.zip,1.2.2,1deb10fb81faeec5c953acdfcc52f64fe34ccc3d
vacinacao_fev_2021_json.zip,"""1cf36dda81ee59c12e1cfa52fdf876c1-142""",2430188268,30395da76557aa0256b08521c7c48d2d,13026108,1,2026-08-24 13:01:50.774373,2021,2,https://s3.sa-east-1.amazonaws.com/ckan.saude.gov.br/PNI/json/vacinacao_fev_2021_json.zip,1.2.2,1deb10fb81faeec5c953acdfcc52f64fe34ccc3d
vacinacao_mar_2021_json.zip,"""4ab7edaf4eb4cbcdbbf9f3c67a548e25-251""",4311236064,3b4e53b72c50ad5c46b783aede865ae9,24117836,1,2026-08-24 14:39:23.906412,2021,3,https://s3.sa-east-1.amazonaws.com/ckan.saude.gov.br/PNI/json/vacinacao_mar_2021_json.zip,1.2.2,1deb10fb81faeec5c953acdfcc52f64fe34ccc3d
vacinacao_abr_2021_json.zip,"""b017596bf3eba6b561b54361d3c95e03-342""",5871672954,612b57c046191f7f4df95a5bd4e684ed,32607215,1,2026-08-24 16:49:06.635590,2021,4,https://s3.sa-east-1.amazonaws.com/ckan.saude.gov.br/PNI/json/vacinacao_abr_2021_json.zip,1.2.2,1deb10fb81faeec5c953acdfcc52f64fe34ccc3d
vacinacao_mar_2020_json.zip,"""88ce24cd99e21462de288bd81a36522b-207""",1729763348,bfcebbdbe68a45daa638822ded899c6b,9079188,1,2026-08-31 10:24:02.744183,2020,3,https://s3.sa-east-1.amazonaws.com/ckan.saude.gov.br/PNI/json/vacinacao_mar_2020_json.zip,1.2.2,a6d0e4cf5203c143783f01d476371b3d82a3281f
vacinacao_abr_2020_json.zip,"""6a3f762cf59976c5597d9835c0bf4ff1-168""",1403838222,233d76da14ce49ff8efa788b95bae78d,7394057,1,2026-08-31 10:58:42.455305,2020,4,https://s3.sa-east-1.amazonaws.com/ckan.saude.gov.br/PNI/json/vacinacao_abr_2020_json.zip,1.2.2,a6d0e4cf5203c143783f01d476371b3d82a3281f
vacinacao_mai_2020_json.zip,"""e9ce65cc576a9be756171e82b1ffec72-223""",1869617482,b16e873f8ed08e3c3f8bd2bf9a52d78e,9853856,1,2026-08-31 11:44:04.242021,2020,5,https://s3.sa-east-1.amazonaws.com/ckan.saude.gov.br/PNI/json/vacinacao_mai_2020_json.zip,1.2.2,a6d0e4cf5203c143783f01d476371b3d82a3281f
vacinacao_jun_2020_json.zip,"""607d4fb2a5c2d92a96f8621cb7fbaa5a-124""",1033874610,c42385da31a5cef3931e21dab6fcc37a,5464711,1,2026-08-31 12:09:04.295148,2020,6,https://s3.sa-east-1.amazonaws.com/ckan.saude.gov.br/PNI/json/vacinacao_jun_2020_json.zip,1.2.2,a6d0e4cf5203c143783f01d476371b3d82a3281f
vacinacao_jul_2020_json.zip,"""b5a9f2fa523c3b8ed3814a8b3fd9c690-237""",1986794017,9ea85c4a7af692d589ff08be8b12308e,10544745,1,2026-08-31 12:54:05.575278,2020,7,https://s3.sa-east-1.amazonaws.com/ckan.saude.gov.br/PNI/json/vacinacao_jul_2020_json.zip,1.2.2,a6d0e4cf5203c143783f01d476371b3d82a3281f
vacinacao_ago_2020_json.zip,"""ba76ef82f9f828eff2da5139bae50b72-211""",1769543963,32df56d34cd8f2e83536c583837f208a,9363344,1,2026-08-31 13:34:09.720667,2020,8,https://s3.sa-east-1.amazonaws.com/ckan.saude.gov.br/PNI/json/vacinacao_ago_2020_json.zip,1.2.2,a6d0e4cf5203c143783f01d476371b3d82a3281f
vacinacao_set_2020_json.zip,"""1d024c143d351409130b50d0d3ef3c82-196""",1635978378,dea78b54eedda2ab627acb507ad9ecb5,8680280,1,2026-08-31 14:12:41.673982,2020,9,https://s3.sa-east-1.amazonaws.com/ckan.saude.gov.br/PNI/json/vacinacao_set_2020_json.zip,1.2.2,a6d0e4cf5203c143783f01d476371b3d82a3281f
vacinacao_out_2020_json.zip,"""51be2a6f059ea5129ee4df67fd3aeb24-323""",2706148498,802283f632aa0d67cd952827580207f7,14222317,1,2026-08-31 15:18:57.676119,2020,10,https://s3.sa-east-1.amazonaws.com/ckan.saude.gov.br/PNI/json/vacinacao_out_2020_json.zip,1.2.2,a6d0e4cf5203c143783f01d476371b3d82a3281f
vacinacao_nov_2020_json.zip,"""b50c92f4c8bbaed35bae6aa8e7cac136-185""",1550233169,4ce7a7ffe2467df0e1a01117b63a5b5c,8207207,1,2026-08-31 15:58:49.480239,2020,11,https://s3.sa-east-1.amazonaws.com/ckan.saude.gov.br/PNI/json/vacinacao_nov_2020_json.zip,1.2.2,a6d0e4cf5203c143783f01d476371b3d82a3281f
vacinacao_dez_2020_json.zip,"""ed6b468aba0eb4376a1b13f3825d403a-63""",520722351,acbbaab3f60a82cd8a2d2d3b6ae72fce,3112945,1,2026-08-31 16:12:26.009673,2020,12,https://s3.sa-east-1.amazonaws.com/ckan.saude.gov.br/PNI/json/vacinacao_dez_2020_json.zip,1.2.2,a6d0e4cf5203c143783f01d476371b3d82a3281f
vacinacao_mai_2021_json.zip,"""e862d32e3ea1be486d10f113e70124f5-346""",5943644963,10085ffbfe0d7aa18af0ef903b2ae858,31817156,1,2026-08-31 18:28:59.891717,2021,5,https://s3.sa-east-1.amazonaws.com/ckan.saude.gov.br/PNI/json/vacinacao_mai_2021_json.zip,1.2.2,a6d0e4cf5203c143783f01d476371b3d82a3281f
vacinacao_jun_2021_json.zip,"""40b86e8050ece4eef8a186e03f667803-449""",7701196251,58b14cbe619a7a19693499d691f96f71,41781875,1,2026-08-31 21:24:54.475463,2021,6,https://s3.sa-east-1.amazonaws.com/ckan.saude.gov.br/PNI/json/vacinacao_jun_2021_json.zip,1.2.2,a6d0e4cf5203c143783f01d476371b3d82a3281f
vacinacao_jul_2021_json.zip,"""ec55d2955eb392c1bfcafb9f758f5129-562""",9644543709,d766b6ed19c1cab725da4d2d1e8753ed,53374746,1,2026-09-06 16:00:05.073879,2021,7,https://s3.sa-east-1.amazonaws.com/ckan.saude.gov.br/PNI/json/vacinacao_jul_2021_json.zip,1.2.2,c22960e210c700e64cad55aa2ebf4d2ab3d50a45
vacinacao_ago_2021_json.zip,"""d8fa576389ea35f51b68e1e178b17919-399""",6840001338,c55142f9eaa8e139a24be7137373d558,38056109,1,2026-09-06 18:50:10.620832,2021,8,https://s3.sa-east-1.amazonaws.com/ckan.saude.gov.br/PNI/json/vacinacao_ago_2021_json.zip,1.2.2,c22960e210c700e64cad55aa2ebf4d2ab3d50a45
vacinacao_set_2021_json.zip,"""af9e2d8b5a7bd01c520ba7aeccf1fd16-564""",9673791307,5d8e6c530bb9bc4d644490e710ae64df,54020348,1,2026-09-06 22:46:12.206618,2021,9,https://s3.sa-east-1.amazonaws.com/ckan.saude.gov.br/PNI/json/vacinacao_set_2021_json.zip,1.2.2,c22960e210c700e64cad55aa2ebf4d2ab3d50a45
vacinacao_out_2021_json.zip,"""3935c84a1db4e9ab0b29a5d3f0432691-495""",8498694264,6dda04628134fcac572af6af46274307,47111101,1,2026-09-14 12:02:11.275536,2021,10,https://s3.sa-east-1.amazonaws.com/ckan.saude.gov.br/PNI/json/vacinacao_out_2021_json.zip,1.2.2,64dd81a983ec5e2d02cb4686c3d27313859abbb6
vacinacao_nov_2021_json.zip,"""166ac26228880d4b9368d4930b7f2d07-394""",6756831715,a8c405807b366717501545ec84ee3239,37162825,1,2026-09-14 14:33:59.260895,2021,11,https://s3.sa-east-1.amazonaws.com/ckan.saude.gov.br/PNI/json/vacinacao_nov_2021_json.zip,1.2.2,64dd81a983ec5e2d02cb4686c3d27313859abbb6
vacinacao_dez_2021_json.zip,"""88255deebd33d425d991038d95437ffa-351""",6023209325,056156e37709f3e42e55d0b503decac4,32743302,1,2026-09-14 16:45:37.393022,2021,12,https://s3.sa-east-1.amazonaws.com/ckan.saude.gov.br/PNI/json/vacinacao_dez_2021_json.zip,1.2.2,64dd81a983ec5e2d02cb4686c3d27313859abbb6
vacinacao_jan_2022_json.zip,"""c8cf19e2360f35cafa47d08a71679874-406""",6973311077,e029a8ef6163602fc12e7292a2a9f54c,37981513,1,2026-09-14 19:18:11.535457,2022,1,https://s3.sa-east-1.amazonaws.com/ckan.saude.gov.br/PNI/json/vacinacao_jan_2022_json.zip,1.2.2,64dd81a983ec5e2d02cb4686c3d27313859abbb6
vacinacao_fev_2022_json.zip,"""247e72835b54ad8bd04344513600775b-347""",5950259156,afa91632bc90db0b4d96270d6826a674,32667386,1,2026-09-14 21:30:05.576763,2022,2,https://s3.sa-east-1.amazonaws.com/ckan.saude.gov.br/PNI/json/vacinacao_fev_2022_json.zip,1.2.2,64dd81a983ec5e2d02cb4686c3d27313859abbb6
vacinacao_mar_2022_json.zip,"""7c4892977cd47778d91880e0cc6af28f-310""",5312101946,3c380853e6b0b70e14f9268fc26b9ba9,28748363,1,2026-09-21 10:57:12.646345,2022,3,https://s3.sa-east-1.amazonaws.com/ckan.saude.gov.br/PNI/json/vacinacao_mar_2022_json.zip,1.2.2,383ae427b4ab27ed8681bb78bc5fc255613f694a
vacinacao_abr_2022_json.zip,"""72adc923cbafa1a5757528b8dc1d83b0-264""",4520813006,eec85ba53d73dff6af67be9e6eecda95,24132422,1,2026-09-21 12:38:37.458427,2022,4,https://s3.sa-east-1.amazonaws.com/ckan.saude.gov.br/PNI/json/vacinacao_abr_2022_json.zip,1.2.2,383ae427b4ab27ed8681bb78bc5fc255613f694a
vacinacao_mai_2022_json.zip,"""d6faa2221f522c2a4cc31ad85787c270-247""",4228544201,036a486e14bc40833056e2aefa4984ba,22197994,1,2026-09-21 14:09:59.213227,2022,5,https://s3.sa-east-1.amazonaws.com/ckan.saude.gov.br/PNI/json/vacinacao_mai_2022_json.zip,1.2.2,383ae427b4ab27ed8681bb78bc5fc255613f694a
vacinacao_jun_2022_json.zip,"""941bf85aa259e3a54fbe2cbf8f8b23fd-324""",5549847038,b7f916700736b89e52a4e1e409545fba,29630149,1,2026-09-21 16:24:26.739086,2022,6,https://s3.sa-east-1.amazonaws.com/ckan.saude.gov.br/PNI/json/vacinacao_jun_2022_json.zip,1.2.2,383ae427b4ab27ed8681bb78bc5fc255613f694a
vacinacao_jul_2022_json.zip,"""d120d90cfed6cb9d5100f7997a948ba5-285""",4894673134,1ea1abaf7069e65cdabf510241d7743f,25883167,1,2026-09-21 18:11:36.776992,2022,7,https://s3.sa-east-1.amazonaws.com/ckan.saude.gov.br/PNI/json/vacinacao_jul_2022_json.zip,1.2.2,383ae427b4ab27ed8681bb78bc5fc255613f694a
vacinacao_ago_2022_json.zip,"""8ff67572900e280508f83294b17d5dd4-250""",4288429549,069663f67266e2914c603ceedca5dc9f,22245522,1,2026-09-21 19:43:30.842795,2022,8,https://s3.sa-east-1.amazonaws.com/ckan.saude.gov.br/PNI/json/vacinacao_ago_2022_json.zip,1.2.2,383ae427b4ab27ed8681bb78bc5fc255613f694a
vacinacao_set_2022_json.zip,"""c3fdc1509a1f67f95f9441950dacd8be-160""",2746982886,33c811a9ae430028748c3cfcb363b7d4,14169613,1,2026-09-21 20:42:43.807326,2022,9,https://s3.sa-east-1.amazonaws.com/ckan.saude.gov.br/PNI/json/vacinacao_set_2022_json.zip,1.2.2,383ae427b4ab27ed8681bb78bc5fc255613f694a
vacinacao_out_2022_json.zip,"""31f20382f4514c98c1dabbe61f6e65f4-136""",2326513687,7e8e4550b21f8099ada28408025482c5,12014721,1,2026-09-21 21:33:10.001288,2022,10,https://s3.sa-east-1.amazonaws.com/ckan.saude.gov.br/PNI/json/vacinacao_out_2022_json.zip,1.2.2,383ae427b4ab27ed8681bb78bc5fc255613f694a
vacinacao_nov_2022_json.zip,"""79175eaa818e3e1d1084fe069a88baea-163""",2790856873,b0ccbe2698e4697fcb9c3a71f2c6da7e,14520265,1,2026-09-21 22:34:06.736372,2022,11,https://s3.sa-east-1.amazonaws.com/ckan.saude.gov.br/PNI/json/vacinacao_nov_2022_json.zip,1.2.2,383ae427b4ab27ed8681bb78bc5fc255613f694a
vacinacao_dez_2022_json.zip,"""7d8fcd5a47cb475093a66e19e1c98be2-128""",2198086739,89ea8dfd9939b9ba44c76a6ddc41ca9f,11449649,1,2026-09-28 10:32:44.084071,2022,12,https://s3.sa-east-1.amazonaws.com/ckan.saude.gov.br/PNI/json/vacinacao_dez_2022_json.zip,1.2.2,425b419a6ebe2221d420c40d239070088adf7b80
vacinacao_jan_2023_json.zip,"""81f92ae7711df02987adc62d4903b74a-148""",2537419894,e179fcf32574e48a578a112fca308e59,13257774,1,2026-09-28 11:21:27.483058,2023,1,https://s3.sa-east-1.amazonaws.com/ckan.saude.gov.br/PNI/json/vacinacao_jan_2023_json.zip,1.2.2,425b419a6ebe2221d420c40d239070088adf7b80
vacinacao_fev_2023_json.zip,"""04a64d22d3dbc41997e04dc2822e61c5-119""",2040709694,7608a1b1b7c5d3450848018a70892858,10660846,1,2026-09-28 12:05:23.985320,2023,2,https://s3.sa-east-1.amazonaws.com/ckan.saude.gov.br/PNI/json/vacinacao_fev_2023_json.zip,1.2.2,425b419a6ebe2221d420c40d239070088adf7b80
vacinacao_mar_2023_json.zip,"""d58d048f4064ea88fb5e4ea10b231af6-217""",3725883233,e5e6185d7567cf60cae19241633fec90,20011153,1,2026-09-28 13:17:03.428555,2023,3,https://s3.sa-east-1.amazonaws.com/ckan.saude.gov.br/PNI/json/vacinacao_mar_2023_json.zip,1.2.2,425b419a6ebe2221d420c40d239070088adf7b80
vacinacao_abr_2023_json.zip,"""94a5d24fd2c67c97fa0883c86a706f98-212""",3636379288,e4f6917a19324bfb1c9e8512411d07a5,18873909,1,2026-09-28 14:27:37.376292,2023,4,https://s3.sa-east-1.amazonaws.com/ckan.saude.gov.br/PNI/json/vacinacao_abr_2023_json.zip,1.2.2,425b419a6ebe2221d420c40d239070088adf7b80
vacinacao_mai_2023_json.zip,"""07bb688d31343bbae6a47b304bab4672-291""",4998873094,39687cc6cffcad1f84ba5a775f6ef70b,26254470,1,2026-09-28 16:06:24.527670,2023,5,https://s3.sa-east-1.amazonaws.com/ckan.saude.gov.br/PNI/json/vacinacao_mai_2023_json.zip,1.2.2,425b419a6ebe2221d420c40d239070088adf7b80
vacinacao_jun_2023_json.zip,"""f1853c145b634d398a26c242ecdac83e-172""",2953545698,6d87b648c58f8bbd0306dd0bb5dc2172,15206398,1,2026-09-28 17:02:15.252094,2023,6,https://s3.sa-east-1.amazonaws.com/ckan.saude.gov.br/PNI/json/vacinacao_jun_2023_json.zip,1.2.2,425b419a6ebe2221d420c40d239070088adf7b80
vacinacao_jul_2023_json.zip,"""4cadd0605eb094467be9737b6a6d33e6-147""",2517552705,075b6fe58eb4180d9a8d3a9f2115c566,12902401,1,2026-09-28 17:50:12.924286,2023,7,https://s3.sa-east-1.amazonaws.com/ckan.saude.gov.br/PNI/json/vacinacao_jul_2023_json.zip,1.2.2,425b419a6ebe2221d420c40d239070088adf7b80
vacinacao_ago_2023_json.zip,"""b52df720336a42b0ccd803bdb374d74c-143""",2454074169,7581d8cc140c4e32513056e08cf6d5a4,12547162,1,2026-09-28 18:36:14.513704,2023,8,https://s3.sa-east-1.amazonaws.com/ckan.saude.gov.br/PNI/json/vacinacao_ago_2023_json.zip,1.2.2,425b419a6ebe2221d420c40d239070088adf7b80
vacinacao_set_2023_json.zip,"""3b72ae7f267302a8f351bf6e0e51dd53-125""",2147171078,655c1822c994ecb4ad0d6a550ad0bb79,10947736,1,2026-09-28 19:16:49.210011,2023,9,https://s3.sa-east-1.amazonaws.com/ckan.saude.gov.br/PNI/json/vacinacao_set_2023_json.zip,1.2.2,425b419a6ebe2221d420c40d239070088adf7b80
vacinacao_out_2023_json.zip,"""fa8593372552d13cbefb4bd81de33afc-142""",2435417044,d7d8d28e8a5da3aa839081c1c2779854,12454230,1,2026-09-28 20:05:10.872680,2023,10,https://s3.sa-east-1.amazonaws.com/ckan.saude.gov.br/PNI/json/vacinacao_out_2023_json.zip,1.2.2,425b419a6ebe2221d420c40d239070088adf7b80
vacinacao_nov_2023_json.zip,"""ab2152dc8020235353ab5d685c45f873-123""",2103569132,491609b1e2da5597309fe3df572650b0,10679027,1,2026-09-28 20:45:44.186011,2023,11,https://s3.sa-east-1.amazonaws.com/ckan.saude.gov.br/PNI/json/vacinacao_nov_2023_json.zip,1.2.2,425b419a6ebe2221d420c40d239070088adf7b80
vacinacao_dez_2023_json.zip,"""4cf44ab917958c19e55fce0d8e997ace-106""",1805759928,2b1f397c73b6a89a61298cc708273ca0,9169799,1,2026-09-28 21:19:24.401448,2023,12,https://s3.sa-east-1.amazonaws.com/ckan.saude.gov.br/PNI/json/vacinacao_dez_2023_json.zip,1.2.2,425b419a6ebe2221d420c40d239070088adf7b80
vacinacao_jan_2024_json.zip,"""25c5938286e6d282597ad3d00c871bf1-144""",2468027686,426ab1d13046900e36f6b7115889d56f,12446838,1,2026-09-28 22:06:23.126866,2024,1,https://s3.sa-east-1.amazonaws.com/ckan.saude.gov.br/PNI/json/vacinacao_jan_2024_json.zip,1.2.2,425b419a6ebe2221d420c40d239070088adf7b80
vacinacao_fev_2024_json.zip,"""aea476e0c3a5c82985889a4b179dfb9d-124""",2116887846,9e4b277b9ca27956ae64a7cedab2b4bd,10602476,1,2026-09-28 22:46:22.576329,2024,2,https://s3.sa-east-1.amazonaws.com/ckan.saude.gov.br/PNI/json/vacinacao_fev_2024_json.zip,1.2.2,425b419a6ebe2221d420c40d239070088adf7b80
