arquivo,ano,uf,n_registros,n_colunas,hash_md5,tamanho_bytes,data_processamento
CPNIAC94.DBF,1994,AC,176,9,58c3114195683b5084ac853df4526309,8067,2026-02-27 17:21:49.351604
CPNIAM94.DBF,1994,AM,496,9,981d0f2b7d4386b8d595ce441fe6eb78,22147,2026-02-27 17:21:55.122855
CPNIBA94.DBF,1994,BA,3264,9,34d5018236bd3801a7f81223bb177b7f,143939,2026-02-27 17:22:01.777509
CPNICE94.DBF,1994,CE,1472,9,439b66195004ea9da0a5217d36603a41,65091,2026-02-27 17:22:04.893382
CPNIES94.DBF,1994,ES,568,9,64a0210869e5aca845bacaf1b1951606,25315,2026-02-27 17:22:10.424841
CPNIGO94.DBF,1994,GO,1856,9,e2ba56256b38425da2ac4098d47a880d,81987,2026-02-27 17:22:13.939393
CPNIMA94.DBF,1994,MA,1088,9,def6d3582013875d628aed1eecd294c0,48195,2026-02-27 17:22:17.387455
CPNIMT94.DBF,1994,MT,936,9,49d7be86e06b41adabfce289bf8b0a9d,41507,2026-02-27 17:22:25.280487
CPNIPA94.DBF,1994,PA,1024,9,0d14759eaecec3a188517bc5bbec86b7,45379,2026-02-27 17:22:28.247977
CPNIPE94.DBF,1994,PE,1416,9,d0e9ce02a02ed66dc0f0310257ce119a,62627,2026-02-27 17:22:34.504438
CPNIPI94.DBF,1994,PI,1184,9,51fe741f4077cadac75627893df233dd,52419,2026-02-27 17:22:37.483717
CPNIRN94.DBF,1994,RN,1216,9,1b5eef0a750f3c627406f31ae99bc8ba,53827,2026-02-27 17:22:46.005246
CPNIRO94.DBF,1994,RO,320,9,b90ea99eb264af1eb52ab9bae018a2e6,14403,2026-02-27 17:22:48.629856
CPNIRR94.DBF,1994,RR,64,9,c10ccfa9ce45a042db904817435e7762,3139,2026-02-27 17:22:51.30769
CPNISC94.DBF,1994,SC,2080,9,af7b82daf5f31c1811e03bcacf1d729c,91843,2026-02-27 17:22:56.689111
CPNIAC95.DBF,1995,AC,198,9,40fb0df0b96233d0101977be7e0b8fb6,9035,2026-02-27 17:23:08.3552
CPNIAL95.DBF,1995,AL,900,9,c18e4fad864f5e9504b31a4a1aafac86,39923,2026-02-27 17:23:11.276302
CPNIAM95.DBF,1995,AM,558,9,99f7d68b7c3a6ffd4260d6ca7270fd73,24875,2026-02-27 17:23:14.294771
CPNIAP95.DBF,1995,AP,135,9,4f86af8b623b7b1630af068e75530236,6263,2026-02-27 17:23:17.282429
CPNIBA95.DBF,1995,BA,3739,9,2e0856d30301cbf8ae201698c5045994,164839,2026-02-27 17:23:20.907003
CPNICE95.DBF,1995,CE,1656,9,4a92833b303a56f3c2122d48aa9c80ad,73187,2026-02-27 17:23:23.933632
CPNIDF95.DBF,1995,DF,9,9,fd146903b1ab361dd4460018268ed33f,719,2026-02-27 17:23:26.321775
CPNIES95.DBF,1995,ES,639,9,c5b68940cf0e458d7ba3cb28e7094ca3,28439,2026-02-27 17:23:29.076224
CPNIGO95.DBF,1995,GO,2088,9,9c49a5853bfd308bf2c61c95c0063793,92195,2026-02-27 17:23:32.321022
CPNIMA95.DBF,1995,MA,1224,9,3e51e83b63c37b39e41b01d20e8af65a,54179,2026-02-27 17:23:35.143046
CPNIMT95.DBF,1995,MT,1053,9,9c65e6c2019748d78a4890546e8b9faa,46655,2026-02-27 17:23:43.034107
CPNIPA95.DBF,1995,PA,1170,9,7fd10f48147d2ab128e86c47538b9fa2,51803,2026-02-27 17:23:46.076496
CPNIPB95.DBF,1995,PB,1539,9,44c8ec35bc0fd8b362f6b071d88c4db9,68039,2026-02-27 17:23:49.515227
CPNIPE95.DBF,1995,PE,1593,9,d6a95330020d8086cdf4256a076bc2db,70415,2026-02-27 17:23:52.59561
CPNIPI95.DBF,1995,PI,1332,9,eeb10930c1dad745a06dd40b9cc46fa6,58931,2026-02-27 17:23:55.799794
CPNIPR95.DBF,1995,PR,3339,9,bcfa3ab63275192c3ece7d43132fe720,147239,2026-02-27 17:23:59.213349
CPNIRJ95.DBF,1995,RJ,729,9,12e9b6a2915b8ede5b823bce11e85e77,32399,2026-02-27 17:24:02.095738
CPNIRN95.DBF,1995,RN,1368,9,8a98510901ce0330b2b46979040c801d,60515,2026-02-27 17:24:04.943611
CPNIRO95.DBF,1995,RO,432,9,1e4480d07761ecd7010ca12c8a6c1f1f,19331,2026-02-27 17:24:07.761489
CPNIRR95.DBF,1995,RR,135,9,b0f46b3a585580ef4cddb70b2e1d1016,6263,2026-02-27 17:24:10.383039
CPNIRS95.DBF,1995,RS,3843,9,ff532b74c3d6c9b5601ca26aa64cebd5,169415,2026-02-27 17:24:13.530647
CPNISC95.DBF,1995,SC,2340,9,b0ad4f06cd3195313c63ca430f6fc6f1,103283,2026-02-27 17:24:16.752583
CPNISE95.DBF,1995,SE,675,9,f029f7b9c9442b49b9de8b425a3cbfea,30023,2026-02-27 17:24:19.513315
CPNISP95.DBF,1995,SP,5616,9,081d6a8f8729cd0db8648a49cc420ed7,247427,2026-02-27 17:24:22.860824
CPNIAC96.DBF,1996,AC,198,9,76883e6a4dbd5680d578f305a287099f,9035,2026-02-27 17:24:29.554403
CPNIAL96.DBF,1996,AL,900,9,e5a408d762c4baff5eb9715cc2b0c794,39923,2026-02-27 17:24:32.463013
CPNIAM96.DBF,1996,AM,558,9,b2c2a7cdb74d97e0b0d991cc17738db8,24875,2026-02-27 17:24:35.538536
CPNIAP96.DBF,1996,AP,144,9,c2a50a00f2803224a2200e741df08100,6659,2026-02-27 17:24:38.123597
CPNIBA96.DBF,1996,BA,3744,9,7f4e04fa299dfa79462396820bb3112c,165059,2026-02-27 17:24:41.310477
CPNICE96.DBF,1996,CE,1656,9,411e63b16c39100e1d79ed56846176fa,73187,2026-02-27 17:24:44.37354
CPNIDF96.DBF,1996,DF,9,9,a30b990ed96e7a27b956bac652d89c3f,719,2026-02-27 17:24:47.241932
CPNIES96.DBF,1996,ES,693,9,e428c35579e802fac56873ffe5905c05,30815,2026-02-27 17:24:49.959915
CPNIGO96.DBF,1996,GO,2178,9,9d4b313e3db78682a86e3847f3c6db10,96155,2026-02-27 17:24:53.032176
CPNIMA96.DBF,1996,MA,1224,9,ff9460cb8efa8dac6df6534b7f48dada,54179,2026-02-27 17:24:55.980168
CPNIMS96.DBF,1996,MS,693,9,491527072ec858212bc41a3245940b49,30815,2026-02-27 17:25:01.162759
CPNIMT96.DBF,1996,MT,1134,9,48eddd2739a93b11bcf4db3ca30c00b4,50219,2026-02-27 17:25:04.245073
CPNIPA96.DBF,1996,PA,1170,9,b1c92b94c4675aa77a7eaff4efb4da99,51803,2026-02-27 17:25:07.52801
CPNIPB96.DBF,1996,PB,1539,9,02b4040ec7117259d619e62103633097,68039,2026-02-27 17:25:10.999326
CPNIPE96.DBF,1996,PE,1665,9,9a66e7abc06dd48ec788387163e2dd79,73583,2026-02-27 17:25:13.973334
CPNIPI96.DBF,1996,PI,1341,9,d7d340126bd9f6ced2eb3b279b9ac36e,59327,2026-02-27 17:25:17.352083
CPNIPR96.DBF,1996,PR,3483,9,d5310193395afcea25745468486cdd01,153575,2026-02-27 17:25:20.54298
CPNIRJ96.DBF,1996,RJ,729,9,9a0b30e7471968d5594a36ca2b191bd1,32399,2026-02-27 17:25:23.286765
CPNIRN96.DBF,1996,RN,1368,9,82415c935d45a63c7a7d73977751df87,60515,2026-02-27 17:25:26.487364
CPNIRO96.DBF,1996,RO,432,9,8f987d2ab96c0dd334ed26b6676541f0,19331,2026-02-27 17:25:29.241748
CPNIRR96.DBF,1996,RR,135,9,f0589779c398944ca4dba64b5f35cf67,6263,2026-02-27 17:25:32.330886
CPNIRS96.DBF,1996,RS,4203,9,43e041665efce079feb9570ba3405a7a,185255,2026-02-27 17:25:35.618173
CPNISC96.DBF,1996,SC,2340,9,471e2e1842ff7ff1cf359216ce165d7b,103283,2026-02-27 17:25:38.64313
CPNISE96.DBF,1996,SE,675,9,e3cbee5b018d5675448399f13a135e43,30023,2026-02-27 17:25:41.747132
CPNISP96.DBF,1996,SP,5616,9,c1214490011f5e6c04f0d5902bce850a,247427,2026-02-27 17:25:45.05285
CPNITO96.DBF,1996,TO,1197,9,6e59d9c5f00d33e6a1e63476f88eeb82,52991,2026-02-27 17:25:47.902759
CPNIAC97.DBF,1997,AC,198,9,1f98af0cd6e0c8138f82d2f55de96f35,9035,2026-02-27 17:25:52.737435
CPNIAL97.DBF,1997,AL,909,9,3380b4e6e508bc38d4d8a378a132b59f,40319,2026-02-27 17:25:55.980492
CPNIAM97.DBF,1997,AM,558,9,bb2ee014399ef9ee6dcbe0a064749b48,24875,2026-02-27 17:25:58.864638
CPNIAP97.DBF,1997,AP,144,9,099acb30fe737e585463fcb2cc95bb16,6659,2026-02-27 17:26:01.50894
CPNIBA97.DBF,1997,BA,3735,9,dc1787c2261281ce643daf9f12bf3dd7,164663,2026-02-27 17:26:05.106495
CPNICE97.DBF,1997,CE,1656,9,ae8c2e9e8bb33aae0c9e7142de55dc0f,73187,2026-02-27 17:26:08.112711
CPNIDF97.DBF,1997,DF,9,9,f8f60b38c6b3e4e848d79da2bafce8d2,719,2026-02-27 17:26:10.583618
CPNIES97.DBF,1997,ES,693,9,7441eab35babe0c130292c4029dbcb18,30815,2026-02-27 17:26:13.389522
CPNIGO97.DBF,1997,GO,2178,9,d248a85adea70c07252081ef10330708,96155,2026-02-27 17:26:17.006174
CPNIMA97.DBF,1997,MA,1953,9,4a3b6a96bd14b79935ead021810913ea,86255,2026-02-27 17:26:20.093725
CPNIMG97.DBF,1997,MG,7677,9,87c7d0f8172fbd4febaaef9c77c7d3dc,338111,2026-02-27 17:26:23.793647
CPNIMS97.DBF,1997,MS,693,9,e7c21bf8d4c15fa5a3daf77d08da3e38,30815,2026-02-27 17:26:26.597189
CPNIMT97.DBF,1997,MT,1134,9,e420ea45b852e2c0c75649417af93790,50219,2026-02-27 17:26:29.557243
CPNIPA97.DBF,1997,PA,1287,9,1d69d0ac457b4eec937ebe158a75fdb6,56951,2026-02-27 17:26:32.407774
CPNIPB97.DBF,1997,PB,2007,9,8156510e193dc89a67555daf26102026,88631,2026-02-27 17:26:35.487538
CPNIPE97.DBF,1997,PE,1665,9,a2ec063465070fd73bc856ee0e829277,73583,2026-02-27 17:26:38.566427
CPNIPI97.DBF,1997,PI,1989,9,ff6434b4aa01fa6680fa0a0fc4189878,87839,2026-02-27 17:26:42.164719
CPNIPR97.DBF,1997,PR,3591,9,e9f9f0ddb135a493a1dc852fdc0cbd4e,158327,2026-02-27 17:26:45.689911
CPNIRJ97.DBF,1997,RJ,819,9,b72e35c6e0020eab50947d6c80dbb9df,36359,2026-02-27 17:26:48.529797
CPNIRN97.DBF,1997,RN,1494,9,20f8f89eebeb7cd6f1ab53863122aa35,66059,2026-02-27 17:26:51.386305
CPNIRO97.DBF,1997,RO,468,9,9ff1320fc7a79fb54e3b2e4b94e0bc49,20915,2026-02-27 17:26:54.493786
CPNIRR97.DBF,1997,RR,135,9,56b22014f836ee966250fa8f545af63f,6263,2026-02-27 17:26:57.466753
CPNIRS97.DBF,1997,RS,4203,9,a65f4865c24f6b35bff2c825eba85c34,185255,2026-02-27 17:27:00.972843
CPNISC97.DBF,1997,SC,2628,9,a046985be094a7273acbda1340d9eec2,115955,2026-02-27 17:27:04.077059
CPNISE97.DBF,1997,SE,675,9,afbc4e40da022cb1c40191460c0290f6,30023,2026-02-27 17:27:07.030012
CPNISP97.DBF,1997,SP,5805,9,f58ce8c025fcd662d4a95e7dcec15775,255743,2026-02-27 17:27:10.518817
CPNITO97.DBF,1997,TO,1251,9,74611044dfe93b19cd66f5e2fbc88e3e,55367,2026-02-27 17:27:13.806419
CPNIAC98.DBF,1998,AC,198,9,1d7d226aca3f7edd2ae1b1d75fd71472,9035,2026-02-27 17:27:18.247909
CPNIAL98.DBF,1998,AL,909,9,cf93ab467ddac888b46a882908746598,40319,2026-02-27 17:27:21.179976
CPNIAM98.DBF,1998,AM,558,9,1756f7f09513def86a979628d59e0be3,24875,2026-02-27 17:27:23.937298
CPNIAP98.DBF,1998,AP,144,9,0885956e95435b44990bf2c3ade05631,6659,2026-02-27 17:27:27.012726
CPNIBA98.DBF,1998,BA,3735,9,49cb27de8e7cb92c93c3581846472e2e,164663,2026-02-27 17:27:30.384922
CPNICE98.DBF,1998,CE,1656,9,bd066bef4abcf231b9ca938150fc035d,73187,2026-02-27 17:27:33.835366
CPNIDF98.DBF,1998,DF,9,9,6eb794621f583585c301e2d311de340d,719,2026-02-27 17:27:36.297861
CPNIES98.DBF,1998,ES,693,9,8a1e9aade807f1076554f822b2ef7436,30815,2026-02-27 17:27:39.098315
CPNIGO98.DBF,1998,GO,2178,9,586d677513d1f5c775226f7a696c3b9d,96155,2026-02-27 17:27:42.262605
CPNIMA98.DBF,1998,MA,1953,9,5dc3f0e1dbc8a3bc984a0f20e7a1f77a,86255,2026-02-27 17:27:45.293741
CPNIMG98.DBF,1998,MG,7677,9,d9c7077b4c48f8495cea439b3a35b205,338111,2026-02-27 17:27:49.421557
CPNIMS98.DBF,1998,MS,693,9,d1289d40586f0997ca9a794773ad6ea0,30815,2026-02-27 17:27:52.111829
CPNIMT98.DBF,1998,MT,1134,9,dbfb431dad958be839223175cd538d68,50219,2026-02-27 17:27:55.463415
CPNIPA98.DBF,1998,PA,1287,9,b98c32a830c4064d13d847b2d4c05ab4,56951,2026-02-27 17:27:58.317156
CPNIPB98.DBF,1998,PB,2007,9,ca98560a115c7f46dadac7084dc5f811,88631,2026-02-27 17:28:01.342579
CPNIPE98.DBF,1998,PE,1665,9,301fad01f9281e3b26e4eddbc1d6f5ae,73583,2026-02-27 17:28:04.453968
CPNIPI98.DBF,1998,PI,1989,9,a2d230b57419a02ea6706739c9d81101,87839,2026-02-27 17:28:07.677888
CPNIPR98.DBF,1998,PR,3591,9,9d53b966b2112bf09c7987a1b37273f1,158327,2026-02-27 17:28:11.420478
CPNIRJ98.DBF,1998,RJ,819,9,81cc15286d199f15ae3769dbc52b8ea2,36359,2026-02-27 17:28:14.608695
CPNIRN98.DBF,1998,RN,1494,9,1c0e3298b29a17e740b5025e430bdfad,66059,2026-02-27 17:28:17.711371
CPNIRO98.DBF,1998,RO,468,9,41ab24d00e4b0fe24dfa8c4a565a9145,20915,2026-02-27 17:28:20.484538
CPNIRR98.DBF,1998,RR,135,9,420595825f061263545df6c4b336b7a4,6263,2026-02-27 17:28:23.475436
CPNIRS98.DBF,1998,RS,4201,9,0b289c5177196ec3b2c32d4b5040ae13,185167,2026-02-27 17:28:27.137005
CPNISC98.DBF,1998,SC,2637,9,63c3a574c4f60cb5906d9e96e381902e,116351,2026-02-27 17:28:30.337875
CPNISE98.DBF,1998,SE,675,9,ccc343762ed721445109d3143154f470,30023,2026-02-27 17:28:33.623944
CPNISP98.DBF,1998,SP,5805,9,d96ab24286fb01f2049136a1a9df6bae,255743,2026-02-27 17:28:36.985151
CPNITO98.DBF,1998,TO,1251,9,f6ae63abc8cf7de22677886100b0c1a9,55367,2026-02-27 17:28:39.859473
CPNIAC99.DBF,1999,AC,330,9,c197db9b52f8ca58c5424ba90b75d0cc,14843,2026-02-27 17:28:44.158018
CPNIAL99.DBF,1999,AL,1530,9,bca62fe207a60018cb9c1766ed732b35,67643,2026-02-27 17:28:47.196951
CPNIAM99.DBF,1999,AM,930,9,242dbaf26abdbc4f2085a5d840726b29,41243,2026-02-27 17:28:50.479451
CPNIAP99.DBF,1999,AP,240,9,56b70d5d1ae04a6e2ccf51cac1d632cd,10883,2026-02-27 17:28:53.098145
CPNIBA99.DBF,1999,BA,6225,9,d192a04e832286ef6cf62dd9c19bf2c0,274223,2026-02-27 17:28:56.731048
CPNICE99.DBF,1999,CE,2760,9,7300848bf57552263a3f53ebd52983aa,121763,2026-02-27 17:28:59.910899
CPNIDF99.DBF,1999,DF,15,9,b2a45059ce13b3e01f6901e7b28fa594,983,2026-02-27 17:29:02.404924
CPNIES99.DBF,1999,ES,1155,9,6df41536115c9344eccaa060de10fe8a,51143,2026-02-27 17:29:05.293325
CPNIGO99.DBF,1999,GO,3630,9,07804733ed376a5c1c956ec33d22313e,160043,2026-02-27 17:29:08.634335
CPNIMA99.DBF,1999,MA,3255,9,7812298ca758012905796286433ce8a2,143543,2026-02-27 17:29:11.785228
CPNIMG99.DBF,1999,MG,12795,9,57e51de3e72ceaf6b59c63e6c2505c09,563303,2026-02-27 17:29:15.575539
CPNIMS99.DBF,1999,MS,1155,9,713d85c05ad5f6610e618a487eb63bd6,51143,2026-02-27 17:29:18.791809
CPNIMT99.DBF,1999,MT,1890,9,6a047aadce0ff223b12262410e65d518,83483,2026-02-27 17:29:21.775443
CPNIPA99.DBF,1999,PA,2145,9,b85d2acc1cbd61b0882dcbfdac8809fb,94703,2026-02-27 17:29:25.02921
CPNIPB99.DBF,1999,PB,3345,9,e1f016d0a3b637ad268f83b1c9f5e550,147503,2026-02-27 17:29:28.73287
CPNIPE99.DBF,1999,PE,2775,9,105901dd5f9c1dcb48dbbe9a7f1fa828,122423,2026-02-27 17:29:32.20164
CPNIPI99.DBF,1999,PI,3315,9,4aac3ccff0669f7d781dd1453afa3eb3,146183,2026-02-27 17:29:35.964896
CPNIPR99.DBF,1999,PR,5985,9,7ab4eba0f570799502d84951d1b01b8f,263663,2026-02-27 17:29:39.492243
CPNIRJ99.DBF,1999,RJ,1365,9,9edf91de4400393f248ab0e2a55905f4,60383,2026-02-27 17:29:42.680382
CPNIRN99.DBF,1999,RN,2490,9,10aaeeb837705a807fb1251221b3d277,109883,2026-02-27 17:29:45.864121
CPNIRO99.DBF,1999,RO,780,9,0c3e2e5fe7b5c07fef7054eac7ddd450,34643,2026-02-27 17:29:48.894329
CPNIRR99.DBF,1999,RR,225,9,0b433d95bb4259159bc35e1197ea34a8,10223,2026-02-27 17:29:51.568339
CPNIRS99.DBF,1999,RS,7005,9,bdf57396411a6ca93bffa07b258eef28,308543,2026-02-27 17:29:55.517375
CPNISC99.DBF,1999,SC,4395,9,9987f79c6e0e4a61774ed7ee65ffbc0c,193703,2026-02-27 17:29:58.898773
CPNISE99.DBF,1999,SE,1125,9,40832565550268efcfb8d546e0e380c5,49823,2026-02-27 17:30:01.785728
CPNISP99.DBF,1999,SP,9675,9,df3ab27c8f6d7052c16b3193960aaa42,426023,2026-02-27 17:30:05.43109
CPNITO99.DBF,1999,TO,2085,9,6b8a0b4be062c661aa7a4b0f5630aa43,92063,2026-02-27 17:30:08.521991
CPNIAC00.DBF,2000,AC,330,9,bc3440cb0fb2a88991c7507a4b598e84,14843,2026-02-27 17:30:17.195067
CPNIAL00.DBF,2000,AL,1522,9,f72fc988d9230b79727255a311446aab,67291,2026-02-27 17:30:20.196625
CPNIAM00.DBF,2000,AM,930,9,57ffd685a6f0a08533d2129bcf07103c,41243,2026-02-27 17:30:23.069755
CPNIAP00.DBF,2000,AP,240,9,4b1062a43ceadd61ff9134def0c4c1af,10883,2026-02-27 17:30:25.693199
CPNIBA00.DBF,2000,BA,6225,9,a08d1ba7f5bd389bcc5c92b1ff28675a,274223,2026-02-27 17:30:29.127519
CPNICE00.DBF,2000,CE,2760,9,050b7ce6d8800b7d3cd062cfc335b7ff,121763,2026-02-27 17:30:32.301186
CPNIDF00.DBF,2000,DF,15,9,db760f433abeb6ba3b9bf4be7b1ddbed,983,2026-02-27 17:30:34.788773
CPNIES00.DBF,2000,ES,1155,9,cff88acb4b5a8a3e41484a612344dd09,51143,2026-02-27 17:30:38.155692
CPNIGO00.DBF,2000,GO,3630,9,08ef5311b868a6de9465eb6fffd306f2,160043,2026-02-27 17:30:41.372675
CPNIMA00.DBF,2000,MA,3255,9,ede866168fa79dd0bdf6103d35f1396b,143543,2026-02-27 17:30:44.54837
CPNIMG00.DBF,2000,MG,12795,9,abee26e29d92db7b3bd91c675426bfd0,563303,2026-02-27 17:30:48.204587
CPNIMS00.DBF,2000,MS,1155,9,2c4073deba4a1650082171405c9a3d52,51143,2026-02-27 17:30:51.439307
CPNIMT00.DBF,2000,MT,1890,9,18ba4ab8266476bdd41cc74d34913840,83483,2026-02-27 17:30:54.457126
CPNIPA00.DBF,2000,PA,2145,9,d9242291cabe254cd9412fb8f99bfa19,94703,2026-02-27 17:30:57.504703
CPNIPB00.DBF,2000,PB,3345,9,3d20b510a0b042678c2deaf652eead0b,147503,2026-02-27 17:31:01.204245
CPNIPE00.DBF,2000,PE,2775,9,27402eabee791738940f6602699918ea,122423,2026-02-27 17:31:04.678012
CPNIPI00.DBF,2000,PI,3315,9,326f4c142d9e0d101e371231c238b186,146183,2026-02-27 17:31:07.721878
CPNIPR00.DBF,2000,PR,5985,9,9773c7fcd940d817a19e2c3c4cc38681,263663,2026-02-27 17:31:11.370767
CPNIRJ00.DBF,2000,RJ,1365,9,6db8d482b09b61480f77c3717391d9d5,60383,2026-02-27 17:31:14.284093
CPNIRN00.DBF,2000,RN,2490,9,d8f9dc165e171327b9f0bc712996df35,109883,2026-02-27 17:31:17.703006
CPNIRO00.DBF,2000,RO,780,9,1c8b9ff42d2e5d2df6e14ef34ba9de01,34643,2026-02-27 17:31:20.449752
CPNIRR00.DBF,2000,RR,225,9,37e8d88d66ed4246b57ffb145674c40e,10223,2026-02-27 17:31:23.078096
CPNIRS00.DBF,2000,RS,7005,9,ecae1c2ad52d6b3e18d60f34ed7858fd,308543,2026-02-27 17:31:26.404681
CPNISC00.DBF,2000,SC,4395,9,164d4b7cb4a2c0a98227ffdfa390687d,193703,2026-02-27 17:31:30.124638
CPNISE00.DBF,2000,SE,1125,9,476179a292e4c6d115ffc816b58fcb53,49823,2026-02-27 17:31:33.060474
CPNISP00.DBF,2000,SP,9675,9,0c13cfe6ee30ad38dd987ade9abe9d96,426023,2026-02-27 17:31:37.029921
CPNITO00.DBF,2000,TO,2085,9,d6d44340e27ac4d39031965104e5da2a,92063,2026-02-27 17:31:40.461728
CPNIAC01.DBF,2001,AC,330,9,1f80fb2b4be196a69bbd4aec380004b9,14843,2026-02-27 17:31:45.120153
CPNIAL01.DBF,2001,AL,1530,9,01eb38724a64b75379acfd8267018bbd,67643,2026-02-27 17:31:47.973931
CPNIAM01.DBF,2001,AM,930,9,4aa1c8b8d954c222c703d4214640e11d,41243,2026-02-27 17:31:50.856238
CPNIAP01.DBF,2001,AP,240,9,4732c7a0e4785214632401901f771be4,10883,2026-02-27 17:31:53.478365
CPNIBA01.DBF,2001,BA,6255,9,754f7017b781a264c20dce591cf0eb01,275543,2026-02-27 17:31:57.133974
CPNICE01.DBF,2001,CE,2760,9,a73182eef01bdc1161c79d8a07b0daa4,121763,2026-02-27 17:32:00.307576
CPNIDF01.DBF,2001,DF,15,9,70ebb0fd3a9e09e9503a8aa65446b1e2,983,2026-02-27 17:32:02.917913
CPNIES01.DBF,2001,ES,1170,9,5eba4de81d48a2af7ca68f63e84cb2bb,51803,2026-02-27 17:32:05.882123
CPNIGO01.DBF,2001,GO,3690,9,ca164bf2d9c43343b74493c081b3d089,162683,2026-02-27 17:32:09.527375
CPNIMA01.DBF,2001,MA,3255,9,ceb3263e315a13cf5733ae1c350b72ae,143543,2026-02-27 17:32:12.784412
CPNIMG01.DBF,2001,MG,12795,9,b328016f50f0ee796a568c5d8e351610,563303,2026-02-27 17:32:16.865732
CPNIMS01.DBF,2001,MS,1155,9,60c0b1428fcd52ee5e9b4c3350a62f8f,51143,2026-02-27 17:32:20.301009
CPNIMT01.DBF,2001,MT,2085,9,03df515319128d98814374fc99fb7611,92063,2026-02-27 17:32:23.429706
CPNIPA01.DBF,2001,PA,2145,9,ddc870de46fb28a08efacc0a171722cf,94703,2026-02-27 17:32:26.479739
CPNIPB01.DBF,2001,PB,3345,9,f8e7baeb285d1674acd803c45efda82b,147503,2026-02-27 17:32:30.116991
CPNIPE01.DBF,2001,PE,2775,9,a59f4ba9c074b31b557e84be5fcb8d47,122423,2026-02-27 17:32:33.273231
CPNIPI01.DBF,2001,PI,3330,9,8ffba8295c186fe08ff9241dd9d44293,146843,2026-02-27 17:32:36.418525
CPNIPR01.DBF,2001,PR,5985,9,052d16f21a2fff7f485f044f9f88042d,263663,2026-02-27 17:32:40.249682
CPNIRJ01.DBF,2001,RJ,1380,9,3021b6d1f0421790bd3e808389c40b9e,61043,2026-02-27 17:32:43.194984
CPNIRN01.DBF,2001,RN,2505,9,8bff198ff77ab5c2ece6641eb0f307aa,110543,2026-02-27 17:32:46.631317
CPNIRO01.DBF,2001,RO,780,9,d5ec603f0bf71a9a5902be920b31e24d,34643,2026-02-27 17:32:49.3588
CPNIRR01.DBF,2001,RR,225,9,5f21f65e725485ca1887e56117d3f8b6,10223,2026-02-27 17:32:52.027328
CPNIRS01.DBF,2001,RS,7455,9,0ee135d22295bdf03c381bc12c105f8e,328343,2026-02-27 17:32:55.721054
CPNISC01.DBF,2001,SC,4395,9,01aee6d939dde4417888c9893ee5f971,193703,2026-02-27 17:32:59.091367
CPNISE01.DBF,2001,SE,1125,9,cd6b1a71f96a91dd3092c46e405d41a5,49823,2026-02-27 17:33:01.922376
CPNISP01.DBF,2001,SP,9675,9,f8a77028e0747f8bb285cef5a31558da,426023,2026-02-27 17:33:05.65649
CPNITO01.DBF,2001,TO,2085,9,591a86ed8fac310247345466ff833213,92063,2026-02-27 17:33:08.673038
CPNIAC02.DBF,2002,AC,330,9,83d549e1e4406436c882bfc385fa85be,14843,2026-02-27 17:33:12.938845
CPNIAL02.DBF,2002,AL,1530,9,0090d4faf44bf81d462b1a97dbcfc3b5,67643,2026-02-27 17:33:16.328749
CPNIAM02.DBF,2002,AM,930,9,0bd3fe67e35c33d8b2b75281429f4f13,41243,2026-02-27 17:33:19.242209
CPNIAP02.DBF,2002,AP,240,9,bbd435c9960f3841e15c946d781f838c,10883,2026-02-27 17:33:21.792889
CPNIBA02.DBF,2002,BA,6255,9,f5c5562a57a20b5086db6269e804205e,275543,2026-02-27 17:33:25.312607
CPNICE02.DBF,2002,CE,2760,9,14f0814a55ef79086e107fd8e80e45bd,121763,2026-02-27 17:33:28.50478
CPNIDF02.DBF,2002,DF,15,9,19bfb23c489c2ffe684733558c1448fa,983,2026-02-27 17:33:30.979439
CPNIES02.DBF,2002,ES,1170,9,598effaa808dc5f8328e57a2daabf676,51803,2026-02-27 17:33:33.908843
CPNIGO02.DBF,2002,GO,3690,9,9022cdcebef4a7e61d3451428615dcfb,162683,2026-02-27 17:33:37.092953
CPNIMA02.DBF,2002,MA,3255,9,e0c97cc1f52ed2209cbe004227cd4279,143543,2026-02-27 17:33:40.273468
CPNIMG02.DBF,2002,MG,12795,9,e60da7391d332e9b849d8d35801ccc7f,563303,2026-02-27 17:33:44.519464
CPNIMS02.DBF,2002,MS,1155,9,7cc741d16d4897b89e713d6aeaa29abb,51143,2026-02-27 17:33:47.441013
CPNIMT02.DBF,2002,MT,2085,9,84aa2f0edf6a5df8c45bf29fa11f8281,92063,2026-02-27 17:33:51.01707
CPNIPA02.DBF,2002,PA,2145,9,01550ef58adbc15a32272f6ab7985b0a,94703,2026-02-27 17:33:54.068423
CPNIPB02.DBF,2002,PB,3345,9,14173013d9321ec5102ef65c409721dc,147503,2026-02-27 17:33:57.41415
CPNIPE02.DBF,2002,PE,2775,9,6cc99eae0c1745ceefbf5261747d322e,122423,2026-02-27 17:34:00.617945
CPNIPI02.DBF,2002,PI,3330,9,f0d4a423d022f88dec445ccd2c7a3616,146843,2026-02-27 17:34:04.302232
CPNIPR02.DBF,2002,PR,5985,9,0f69e2377fa0c49c97ed70331338b33a,263663,2026-02-27 17:34:07.904567
CPNIRJ02.DBF,2002,RJ,1380,9,b8c03c159d1a4ef8e86a1115b49386ff,61043,2026-02-27 17:34:10.89414
CPNIRN02.DBF,2002,RN,2505,9,e6b20abef13e27e0237e4830cac7c80a,110543,2026-02-27 17:34:14.291397
CPNIRO02.DBF,2002,RO,780,9,637b26a5ef25235f765801395863a017,34643,2026-02-27 17:34:17.10555
CPNIRR02.DBF,2002,RR,225,9,0a1f075fc3d22797cbf1b86f758d5eff,10223,2026-02-27 17:34:20.100364
CPNIRS02.DBF,2002,RS,7455,9,f1f9d6d21b7ff3e14e72bbf94318ebed,328343,2026-02-27 17:34:23.698114
CPNISC02.DBF,2002,SC,4395,9,4aec540c3b396b0cc5ae68a620ccb4ec,193703,2026-02-27 17:34:27.336574
CPNISE02.DBF,2002,SE,1125,9,a49d6e9ae42f62e5128d1ae5b574730c,49823,2026-02-27 17:34:30.248656
CPNISP02.DBF,2002,SP,9675,9,969a952d22b9b3c07c76cd4e47fdd4f1,426023,2026-02-27 17:34:33.941927
CPNITO02.DBF,2002,TO,2085,9,d0badd92c8af3db30f65381233a8f1f5,92063,2026-02-27 17:34:37.066146
CPNIAC03.DBF,2003,AC,330,9,250158d686a6ce9ff2222e10200fc77a,14843,2026-02-27 17:34:41.584589
CPNIAL03.DBF,2003,AL,1530,9,f060fb971fe12988590ba685953485d9,67643,2026-02-27 17:34:44.56131
CPNIAM03.DBF,2003,AM,930,9,a8fad44724781e2a6e0f823169c7b66f,41243,2026-02-27 17:34:47.424367
CPNIAP03.DBF,2003,AP,240,9,526a1686786377a05c5a395af8162be9,10883,2026-02-27 17:34:50.047918
CPNIBA03.DBF,2003,BA,6255,9,0899f933b009050a87b1e71ddf741670,275543,2026-02-27 17:34:53.559594
CPNICE03.DBF,2003,CE,2760,9,297741e00d27c376897d36a62cc1a8a9,121763,2026-02-27 17:34:56.672493
CPNIDF03.DBF,2003,DF,15,9,3a2165eace3c11ce34fd1779e3e3ad60,983,2026-02-27 17:34:59.191689
CPNIES03.DBF,2003,ES,1170,9,49bae9e2407cb1562721e843f9ff388e,51803,2026-02-27 17:35:02.084784
CPNIGO03.DBF,2003,GO,3690,9,d9edfa6d92e8029fe64aade40e6e6d15,162683,2026-02-27 17:35:05.784912
CPNIMA03.DBF,2003,MA,3255,9,ae819f7b0cbe8bf9315139bddf1ba770,143543,2026-02-27 17:35:09.187474
CPNIMG03.DBF,2003,MG,12795,9,45cc0368ff40b15a85394fcdd9f8beef,563303,2026-02-27 17:35:13.410811
CPNIMS03.DBF,2003,MS,1155,9,ff349db40d4e888e4eafc9583ac2d479,51143,2026-02-27 17:35:16.665411
CPNIMT03.DBF,2003,MT,2085,9,8ffc7189542d356adc54db1242960f13,92063,2026-02-27 17:35:19.7357
CPNIPA03.DBF,2003,PA,2145,9,6e3be6fa30dc2fadbbf895b65ab584e5,94703,2026-02-27 17:35:23.12308
CPNIPB03.DBF,2003,PB,3345,9,8f6c085e8dfc5c62304e40a8c8f6b790,147503,2026-02-27 17:35:26.720545
CPNIPE03.DBF,2003,PE,2775,9,8200c7a1c6ebfaab5007b4a73575d8e5,122423,2026-02-27 17:35:29.877327
CPNIPI03.DBF,2003,PI,3330,9,93eadce67c58a2b72e898bdb0f0a5d15,146843,2026-02-27 17:35:33.431568
CPNIPR03.DBF,2003,PR,5985,9,52017b6bf76c9972a4fa44fedd34d6cf,263663,2026-02-27 17:35:36.897003
CPNIRJ03.DBF,2003,RJ,1380,9,69e1fec357cdbadb36efa3ac19901144,61043,2026-02-27 17:35:39.802536
CPNIRN03.DBF,2003,RN,2505,9,c7c05bf9aa5d6d98bb2ea9e32f8d23e1,110543,2026-02-27 17:35:43.019839
CPNIRO03.DBF,2003,RO,780,9,08cd8a5d68bf9853f52fdf0d181a78a4,34643,2026-02-27 17:35:45.849817
CPNIRR03.DBF,2003,RR,225,9,401df59276ba35a42b319fe1c0f6bc99,10223,2026-02-27 17:35:48.466447
CPNIRS03.DBF,2003,RS,7440,9,8ae2f8a74f9f211a257f8d0d1b51b7bc,327683,2026-02-27 17:35:52.499408
CPNISC03.DBF,2003,SC,4395,9,33abb85edf88113cb22f1fd7f29ea434,193703,2026-02-27 17:35:55.942731
CPNISE03.DBF,2003,SE,1125,9,dbf345f4d9728fb6bf4f83fea95aa4ea,49823,2026-02-27 17:35:58.757467
CPNISP03.DBF,2003,SP,9675,9,44c6756436b7b39fe55b8bce4653234e,426023,2026-02-27 17:36:02.356185
CPNITO03.DBF,2003,TO,2085,9,1b5eb01bf9823f6397096df21fce7f91,92063,2026-02-27 17:36:05.759156
CPNIAC04.DBF,2004,AC,440,9,83d5a50bbc8fe9cbf4ca347571d94b4c,26723,2026-02-27 17:36:10.693731
CPNIAL04.DBF,2004,AL,2041,9,473052b393d67e4803412bbd5c170609,122783,2026-02-27 17:36:13.888121
CPNIAM04.DBF,2004,AM,1241,9,8c4474fd3cab638b91d37a3258dfbaca,74783,2026-02-27 17:36:16.927032
CPNIAP04.DBF,2004,AP,320,9,5eb6f377b9847700791a549b93a11ebe,19523,2026-02-27 17:36:19.663728
CPNIBA04.DBF,2004,BA,8331,9,2c21ebb2b1d1fe6286eda6b425ca2771,500183,2026-02-27 17:36:23.993091
CPNICE04.DBF,2004,CE,3680,9,dcc95b04ae0999bbcb19d4dac8c312ca,221123,2026-02-27 17:36:27.222284
CPNIDF04.DBF,2004,DF,372,9,4bf17e4809b7e8abf591f4fa0a906c39,22643,2026-02-27 17:36:30.006485
CPNIES04.DBF,2004,ES,1560,9,30c6c4091b0d25d7e5c90c4f8bec460c,93923,2026-02-27 17:36:33.017188
CPNIGO04.DBF,2004,GO,4919,9,2d9bb770e374a42c3630fb9fab1cbcac,295463,2026-02-27 17:36:36.517089
CPNIMA04.DBF,2004,MA,4339,9,f23c2a5550a46a6ff33183741bb587eb,260663,2026-02-27 17:36:39.774021
CPNIMG04.DBF,2004,MG,17048,9,fef99fc852fe6bb74cb7d3055711f4ac,1023203,2026-02-27 17:36:44.029434
CPNIMS04.DBF,2004,MS,1540,9,a1fa8c4a3fa5c6e026b140d34a1b4b3d,92723,2026-02-27 17:36:47.525337
CPNIMT04.DBF,2004,MT,2780,9,2d72c2ab2cfab1aec98ba1217988999a,167123,2026-02-27 17:36:50.89388
CPNIPA04.DBF,2004,PA,2860,9,97349d70ce72c3ca83a285f5012f03ea,171923,2026-02-27 17:36:54.276668
CPNIPB04.DBF,2004,PB,4461,9,3d8a412ccdea356e09ef36bce4706e95,267983,2026-02-27 17:36:58.120312
CPNIPE04.DBF,2004,PE,3701,9,16f34a0285b05bc3c2ebad68d533afc2,222383,2026-02-27 17:37:01.811718
CPNIPI04.DBF,2004,PI,4441,9,fc11b3de35b8b2c55ef1f9dc2006229c,266783,2026-02-27 17:37:05.240853
CPNIPR04.DBF,2004,PR,7978,9,62538665062da45a8112567e75a4d0bf,479003,2026-02-27 17:37:09.225186
CPNIRJ04.DBF,2004,RJ,1833,9,844b6121ec83fb883c2108703647eed2,110303,2026-02-27 17:37:12.752821
CPNIRN04.DBF,2004,RN,3339,9,cae7a9abfcd7620adbade265d7bdb9af,200663,2026-02-27 17:37:16.490494
CPNIRO04.DBF,2004,RO,1041,9,dc04a05dc78783a594efb190c42abf66,62783,2026-02-27 17:37:19.51898
CPNIRR04.DBF,2004,RR,300,9,186870ad93b2f2c7c814c01e80327fed,18323,2026-02-27 17:37:22.189196
CPNIRS04.DBF,2004,RS,9918,9,ac8ef5f41179d4524dad31bdd099f5c8,595403,2026-02-27 17:37:26.170683
CPNISC04.DBF,2004,SC,5857,9,3c7ed560248a56eb0768fc9583eaeeda,351743,2026-02-27 17:37:29.618521
CPNISE04.DBF,2004,SE,1500,9,ce83934927caa3090f78a669c0735b69,90323,2026-02-27 17:37:33.020181
CPNISP04.DBF,2004,SP,12837,9,f93b1a638aa7dd3595994a1de9bd6693,770543,2026-02-27 17:37:37.140603
CPNITO04.DBF,2004,TO,2781,9,96cddd73238099888d5e04df262b5752,167183,2026-02-27 17:37:40.317439
CPNIAC05.DBF,2005,AC,420,9,a934382dbcffe2623a8ee042778d1393,25523,2026-02-27 17:37:45.101167
CPNIAL05.DBF,2005,AL,1940,9,a49748470013d6d7f5154f1167edc5fb,116723,2026-02-27 17:37:48.250354
CPNIAM05.DBF,2005,AM,1180,9,a4ad85e31a666046931b93db212f0839,71123,2026-02-27 17:37:51.287528
CPNIAP05.DBF,2005,AP,305,9,850d078463f89fe5d37ffa3d0c7d8e08,18623,2026-02-27 17:37:54.035067
CPNIBA05.DBF,2005,BA,7920,9,e24535eb150e545f01f7db8ce395d64e,475523,2026-02-27 17:37:57.620714
CPNICE05.DBF,2005,CE,3501,9,7a2e4290e299bacc9dc4adc87c701a32,210383,2026-02-27 17:38:02.059728
CPNIDF05.DBF,2005,DF,262,9,376c29be720cf1e4263058d447dbb7f4,16043,2026-02-27 17:38:04.669882
CPNIES05.DBF,2005,ES,1482,9,c6653fdb07f401d88130374fb976f857,89243,2026-02-27 17:38:07.632441
CPNIGO05.DBF,2005,GO,4672,9,af8eb41bec9fb275ae2c3279fa5039d0,280643,2026-02-27 17:38:10.896759
CPNIMA05.DBF,2005,MA,4124,9,94e913a61efc8fbf33d7427c25e51166,247763,2026-02-27 17:38:14.557681
CPNIMG05.DBF,2005,MG,16183,9,8a5003166db610514f2c6e3279de439e,971303,2026-02-27 17:38:18.846845
CPNIMS05.DBF,2005,MS,1483,9,b44ce8cc443f40e568cc7be6d7aa9d0a,89303,2026-02-27 17:38:21.9361
CPNIMT05.DBF,2005,MT,2680,9,975b5add07a50fc6bf51fb7ea8678492,161123,2026-02-27 17:38:25.142731
CPNIPA05.DBF,2005,PA,2722,9,f6e2fe00ff25b60cc3cfea5c1ea3ad98,163643,2026-02-27 17:38:28.620624
CPNIPB05.DBF,2005,PB,4240,9,92b65f523fa845fff1806c45292ec5d5,254723,2026-02-27 17:38:32.236592
CPNIPE05.DBF,2005,PE,3516,9,5a602fd216cca923d9eac2b6d909315f,211283,2026-02-27 17:38:35.951858
CPNIPI05.DBF,2005,PI,4238,9,84661f299b8db22bea5a7a651a28d357,254603,2026-02-27 17:38:39.367337
CPNIPR05.DBF,2005,PR,7573,9,8bb5f4aa8dc23be6212a895de2a0141e,454703,2026-02-27 17:38:43.002033
CPNIRJ05.DBF,2005,RJ,1747,9,13df8e7e8d58268862a66ada0802b518,105143,2026-02-27 17:38:46.247544
CPNIRN05.DBF,2005,RN,3174,9,9004c19312a5e3a71bb64f7020e3bc44,190763,2026-02-27 17:38:50.218072
CPNIRO05.DBF,2005,RO,989,9,91a0fb77a1e2cfcb82edf8b71c55cb08,59663,2026-02-27 17:38:53.13563
CPNIRR05.DBF,2005,RR,286,9,874834a50088b709efdf04cddf987119,17483,2026-02-27 17:38:55.926053
CPNIRS05.DBF,2005,RS,9419,9,a7c0685012176057540f5144133b7b92,565463,2026-02-27 17:38:59.658755
CPNISC05.DBF,2005,SC,5555,9,2b4a7fa21218ed060c6e33005fe1c701,333623,2026-02-27 17:39:03.749871
CPNISE05.DBF,2005,SE,1426,9,7bcf4e781f8bdb4cb65381b629dffbad,85883,2026-02-27 17:39:06.842704
CPNISP05.DBF,2005,SP,12179,9,06e9be00511db042b32dc58ba42ef09e,731063,2026-02-27 17:39:10.935887
CPNITO05.DBF,2005,TO,2643,9,b87c0876b41901b32323baf3e03625e7,158903,2026-02-27 17:39:14.410396
CPNIAC06.DBF,2006,AC,440,9,c2c25fdac5cd7e15746df619fe8016fa,26723,2026-02-27 17:39:19.652534
CPNIAL06.DBF,2006,AL,2041,9,682b7d487642d4ed8183472826539b33,122783,2026-02-27 17:39:22.979075
CPNIAM06.DBF,2006,AM,1240,9,4fe611cbed9e917b686640ee08892d68,74723,2026-02-27 17:39:26.102503
CPNIAP06.DBF,2006,AP,320,9,db971818cc5966e439c42b13d7d33e4d,19523,2026-02-27 17:39:28.884205
CPNIBA06.DBF,2006,BA,8309,9,0e58df90126b57f43173674f973c89ae,498863,2026-02-27 17:39:32.976553
CPNICE06.DBF,2006,CE,3680,9,a0f935802706ebd0eca3dd55f85adc99,221123,2026-02-27 17:39:36.28127
CPNIDF06.DBF,2006,DF,276,9,c867bec44a9ca4b5e6eb52fc693bf29b,16883,2026-02-27 17:39:38.88319
CPNIES06.DBF,2006,ES,1558,9,23a5789446d3e62a24975bfa0679aa3c,93803,2026-02-27 17:39:41.925132
CPNIGO06.DBF,2006,GO,4897,9,5e04897c334cb832b9bc13f4a6886962,294143,2026-02-27 17:39:45.739923
CPNIMA06.DBF,2006,MA,4340,9,dadba0ba002c3884761228f46844f2b8,260723,2026-02-27 17:39:49.113167
CPNIMG06.DBF,2006,MG,17023,9,7c99773ba7e7f1a8ab7b5efa5bc8839f,1021703,2026-02-27 17:39:53.751288
CPNIMS06.DBF,2006,MS,1559,9,e04f1711847242bad173907477a4f71d,93863,2026-02-27 17:39:56.803013
CPNIMT06.DBF,2006,MT,2817,9,05e4c583e5c9e22618f1e20b553999b0,169343,2026-02-27 17:40:00.077757
CPNIPA06.DBF,2006,PA,2858,9,b6db50ea966a16ea7b27ecfe4ca23d3a,171803,2026-02-27 17:40:03.431695
CPNIPB06.DBF,2006,PB,4462,9,39cc1ac7be6dd9506ed08dae246279d1,268043,2026-02-27 17:40:06.763097
CPNIPE06.DBF,2006,PE,3700,9,7371d07d3aa72735c680e58f6d03980d,222323,2026-02-27 17:40:10.123641
CPNIPI06.DBF,2006,PI,4460,9,b5b3677c1d08169235484cda15f0001b,267923,2026-02-27 17:40:13.415118
CPNIPR06.DBF,2006,PR,7963,9,4a8199bb9c4abe7cf6b9ce7d19d76dba,478103,2026-02-27 17:40:17.090266
CPNIRJ06.DBF,2006,RJ,1837,9,e91991253746c71c94b9d7b324ba4cea,110543,2026-02-27 17:40:20.461563
CPNIRN06.DBF,2006,RN,3340,9,bed4fe75fa283f6aa9b4c7ca9e503b54,200723,2026-02-27 17:40:24.159405
CPNIRO06.DBF,2006,RO,1041,9,659c03ebb2bf9e12562f79cb3eccd6f9,62783,2026-02-27 17:40:27.262228
CPNIRR06.DBF,2006,RR,300,9,c669a3d0b7a09929cbdd7f624102c463,18323,2026-02-27 17:40:29.988998
CPNIRS06.DBF,2006,RS,9910,9,ce48fec0b9797710f47cd38a67726079,594923,2026-02-27 17:40:33.747266
CPNISC06.DBF,2006,SC,5843,9,0b3a3619ab3250dc26fbb2046962701f,350903,2026-02-27 17:40:37.549599
CPNISE06.DBF,2006,SE,1500,9,3598dd261870504464968ae9ae9d7c83,90323,2026-02-27 17:40:40.874777
CPNISP06.DBF,2006,SP,12812,9,a4c8aa65f15b066017c73a1e958c69d8,769043,2026-02-27 17:40:45.190642
CPNITO06.DBF,2006,TO,2781,9,89e2891eb7b3f79ae83ae7f2883e6ccc,167183,2026-02-27 17:40:48.524906
CPNIAC07.DBF,2007,AC,440,9,d2ddd83e64265a8dcbc8e647da6e9f1f,26723,2026-02-27 17:40:53.554868
CPNIAL07.DBF,2007,AL,2041,9,f1dbd1cf2bdc6ed330d4b51ed89b19ee,122783,2026-02-27 17:40:56.622075
CPNIAM07.DBF,2007,AM,1240,9,9b51d70fb0122b3c337a23189c4cbefe,74723,2026-02-27 17:40:59.718836
CPNIAP07.DBF,2007,AP,320,9,c7b286ea6f4623dc48c72fde96c9aa83,19523,2026-02-27 17:41:02.432919
CPNIBA07.DBF,2007,BA,8312,9,25c9ff7520872bd22037c8a10b231d11,499043,2026-02-27 17:41:06.462599
CPNICE07.DBF,2007,CE,3681,9,7a7d4e0b2ce50181643b4b22cdbe9239,221183,2026-02-27 17:41:09.889625
CPNIDF07.DBF,2007,DF,269,9,a1de4b7e04f9761e595d188c15662647,16463,2026-02-27 17:41:12.519715
CPNIES07.DBF,2007,ES,1555,9,3af28b4d8b8fefc60793576acc7aa82b,93623,2026-02-27 17:41:15.590294
CPNIGO07.DBF,2007,GO,4903,9,5bd96a05794e6c359a25bf78056b5109,294503,2026-02-27 17:41:19.206894
CPNIMA07.DBF,2007,MA,4338,9,75ae005b330d9b88b76eb1c7f3e01973,260603,2026-02-27 17:41:22.767001
CPNIMG07.DBF,2007,MG,16999,9,25baa4e43bcfa1c6896adf8bd04dcb14,1020263,2026-02-27 17:41:27.554908
CPNIMS07.DBF,2007,MS,1558,9,5019be13b691ff75e4cc95cba3823db2,93803,2026-02-27 17:41:31.220581
CPNIMT07.DBF,2007,MT,2812,9,562e4cc9b1a0ad9065dfd7b44db271f0,169043,2026-02-27 17:41:34.402596
CPNIPA07.DBF,2007,PA,2860,9,600e2e7957b8704c7146b85ef0d41973,171923,2026-02-27 17:41:37.529595
CPNIPB07.DBF,2007,PB,4461,9,2cb7db1df3b96c1a29ec95368f34ce9d,267983,2026-02-27 17:41:41.049955
CPNIPE07.DBF,2007,PE,3701,9,6273c619ea69addc5d97507585cff70a,222383,2026-02-27 17:41:44.798374
CPNIPI07.DBF,2007,PI,4460,9,855a142f206ce9df0188f9c5186be532,267923,2026-02-27 17:41:48.216466
CPNIPR07.DBF,2007,PR,7961,9,350f2ebc08557df1aa25579bdbcb3cc3,477983,2026-02-27 17:41:51.903132
CPNIRJ07.DBF,2007,RJ,1833,9,7aa221b6a01f2732f5f5ff35d223ac38,110303,2026-02-27 17:41:55.451225
CPNIRN07.DBF,2007,RN,3339,9,1a99dd15af62f699391b4788aa0897e6,200663,2026-02-27 17:41:59.161486
CPNIRO07.DBF,2007,RO,1039,9,8d1d7da310598625e5f93afef3f9104a,62663,2026-02-27 17:42:02.594763
CPNIRR07.DBF,2007,RR,301,9,71883247188a7521ccfd83062a8e23b6,18383,2026-02-27 17:42:05.396292
CPNIRS07.DBF,2007,RS,9897,9,afac347226031deb914bd5d02a95ad8e,594143,2026-02-27 17:42:09.409286
CPNISC07.DBF,2007,SC,5825,9,72306b1ed1c441dd5d94c24056b4c1e7,349823,2026-02-27 17:42:13.445962
CPNISE07.DBF,2007,SE,1500,9,677b06e214c5cac22a83e1cc8142451c,90323,2026-02-27 17:42:16.49911
CPNISP07.DBF,2007,SP,12779,9,e732c467f246093ec13cf76ec3fb25d1,767063,2026-02-27 17:42:20.785206
CPNITO07.DBF,2007,TO,2775,9,2d8f41727d89f42e297c32f2354fc04b,166823,2026-02-27 17:42:24.266574
CPNIAC08.DBF,2008,AC,440,9,49f497a71c8d4bd10fb5aee4d0a8f34e,26723,2026-02-27 17:42:28.928177
CPNIAL08.DBF,2008,AL,2041,9,92665b8d971e020a2fd13824607e7a40,122783,2026-02-27 17:42:32.056838
CPNIAM08.DBF,2008,AM,1240,9,5a48763f580aefd23f7495b84a5ac1cf,74723,2026-02-27 17:42:34.931061
CPNIAP08.DBF,2008,AP,320,9,a0591bcbedfc36a237a926420c952238,19523,2026-02-27 17:42:37.745343
CPNIBA08.DBF,2008,BA,8315,9,d5e1ae2bbff344c747bcd75f3ec264e2,499223,2026-02-27 17:42:41.629146
CPNICE08.DBF,2008,CE,3680,9,8f7704755631997bca045c2a3a3b1f92,221123,2026-02-27 17:42:44.955826
CPNIDF08.DBF,2008,DF,280,9,e1bd44e65c884db6cf81f59e21e53385,17123,2026-02-27 17:42:47.62421
CPNIES08.DBF,2008,ES,1552,9,44e6c1f342f079187cb32d233b0818e8,93443,2026-02-27 17:42:50.641448
CPNIGO08.DBF,2008,GO,4907,9,3f21d42afb96ad112f4befcb877387de,294743,2026-02-27 17:42:54.476985
CPNIMA08.DBF,2008,MA,4338,9,dd7953265b7daef76eba6d15b51f2cdc,260603,2026-02-27 17:42:57.927495
CPNIMG08.DBF,2008,MG,16998,9,c807ce99e280a18c49743d88d650acee,1020203,2026-02-27 17:43:02.58247
CPNIMS08.DBF,2008,MS,1558,9,c8c529f8b45ad23a26e6419ebc9ba27e,93803,2026-02-27 17:43:05.776038
CPNIMT08.DBF,2008,MT,2812,9,91b1a0f0be10a6481a0098771c9feae6,169043,2026-02-27 17:43:09.176469
CPNIPA08.DBF,2008,PA,2858,9,2e0b9d86fba7f6c058ac8521e91411f6,171803,2026-02-27 17:43:12.854444
CPNIPB08.DBF,2008,PB,4459,9,d41191205f7ab14c006e827b1b1c43dc,267863,2026-02-27 17:43:16.33069
CPNIPE08.DBF,2008,PE,3700,9,a6553612d803de892a71b39c5fcc9f4a,222323,2026-02-27 17:43:19.573168
CPNIPI08.DBF,2008,PI,4460,9,b1a4db44de33afe9f563748d9b683e02,267923,2026-02-27 17:43:23.463065
CPNIPR08.DBF,2008,PR,7945,9,8dd82f32347b211ea7f4308e5d5c4b5c,477023,2026-02-27 17:43:27.350416
CPNIRJ08.DBF,2008,RJ,1826,9,664f7ff9c331a0db754ab0484d8bb669,109883,2026-02-27 17:43:30.758593
CPNIRN08.DBF,2008,RN,3338,9,04b289dc2e3dc0156b592e46f7f99511,200603,2026-02-27 17:43:34.104742
CPNIRO08.DBF,2008,RO,1038,9,ce726c2244bdb8e2961df5add3daacd0,62603,2026-02-27 17:43:37.355428
CPNIRR08.DBF,2008,RR,300,9,59902f0a293996c8da0dea107c1c8d2d,18323,2026-02-27 17:43:40.162513
CPNIRS08.DBF,2008,RS,9886,9,36dd21484efedbe38f836917d06eb014,593483,2026-02-27 17:43:43.890841
CPNISC08.DBF,2008,SC,5814,9,94fc4dd41eb51ff0ee5a029c276bcb4d,349163,2026-02-27 17:43:47.330592
CPNISE08.DBF,2008,SE,1500,9,a614f7c5c6fe6e7700c307d718e3206f,90323,2026-02-27 17:43:50.400767
CPNISP08.DBF,2008,SP,12747,9,50cd82eccc93e80ad27cf1a0dfd52d17,765143,2026-02-27 17:43:54.747304
CPNITO08.DBF,2008,TO,2778,9,e29b6a8e8b200b3a1b2bec09ba884291,167003,2026-02-27 17:43:58.159393
CPNIAC09.DBF,2009,AC,440,9,68da4780d6dd995e5fe489857764c0ab,26723,2026-02-27 17:44:02.911781
CPNIAL09.DBF,2009,AL,2040,9,dc2843285014b6dacee9d98ef4337781,122723,2026-02-27 17:44:06.089478
CPNIAM09.DBF,2009,AM,1240,9,95ad4dd7c10078988cedd3ac148baddf,74723,2026-02-27 17:44:09.180506
CPNIAP09.DBF,2009,AP,319,9,7116ff5094d069d4f1ed7134804ab399,19463,2026-02-27 17:44:12.254943
CPNIBA09.DBF,2009,BA,8312,9,a385b90f38b2e845edaf64c4ea7726d3,499043,2026-02-27 17:44:16.51169
CPNICE09.DBF,2009,CE,3677,9,763d8b783dbff7ebdec788292f2e0ae8,220943,2026-02-27 17:44:20.035478
CPNIDF09.DBF,2009,DF,284,9,4d6c184f4ed31fc1945fd7709ff77fde,17363,2026-02-27 17:44:22.666742
CPNIES09.DBF,2009,ES,1547,9,f8bd9634697a7c31e1d3ae6ed7acdbe1,93143,2026-02-27 17:44:26.014557
CPNIGO09.DBF,2009,GO,4908,9,294b1db385ded5fc3afc60879a7522a8,294803,2026-02-27 17:44:29.47814
CPNIMA09.DBF,2009,MA,4337,9,b2b0ef38404675f2717d93432d88935c,260543,2026-02-27 17:44:32.972834
CPNIMG09.DBF,2009,MG,16700,9,7aa859b357037aec17b5e430dbe01fe4,1002323,2026-02-27 17:44:37.14246
CPNIMS09.DBF,2009,MS,1555,9,1f836990ef689b0f6ae556b6bbce1dac,93623,2026-02-27 17:44:40.335926
CPNIMT09.DBF,2009,MT,2809,9,a967f42a6fc0b082659b9490c18c5174,168863,2026-02-27 17:44:43.682564
CPNIPA09.DBF,2009,PA,2857,9,0c94298c68b02b405dbf84e2f544af3f,171743,2026-02-27 17:44:47.333559
CPNIPB09.DBF,2009,PB,4458,9,4a33a86a3824f5425c09af97ee4a69ee,267803,2026-02-27 17:44:51.179381
CPNIPE09.DBF,2009,PE,3701,9,17f0cdad8e48a4e15e0957106adc1332,222383,2026-02-27 17:44:54.932005
CPNIPI09.DBF,2009,PI,4479,9,a8c53d4bfddbd64fbf94f69fea3a2bd9,269063,2026-02-27 17:44:58.689832
CPNIPR09.DBF,2009,PR,7919,9,225d0c1618257c49b5e2b0d8490dab0d,475463,2026-02-27 17:45:02.480613
CPNIRJ09.DBF,2009,RJ,1817,9,17e2a9a171e39c393ed6a5e32a109779,109343,2026-02-27 17:45:05.978042
CPNIRN09.DBF,2009,RN,3340,9,a081c01e04cb5e7540b87fe5714c6169,200723,2026-02-27 17:45:09.267705
CPNIRO09.DBF,2009,RO,1034,9,636a61bc70b549e288b55aedfa92e03c,62363,2026-02-27 17:45:12.222194
CPNIRR09.DBF,2009,RR,300,9,a78c914d0b6a8d16475e6767826f5040,18323,2026-02-27 17:45:15.037887
CPNIRS09.DBF,2009,RS,9860,9,91c102aa341427436691c3f4313853bb,591923,2026-02-27 17:45:19.366529
CPNISC09.DBF,2009,SC,5787,9,e86e892aba4e2f37170a1ab7c745872e,347543,2026-02-27 17:45:22.795214
CPNISE09.DBF,2009,SE,1500,9,786355219d7e195a50108cff4883d613,90323,2026-02-27 17:45:25.895306
CPNISP09.DBF,2009,SP,12714,9,61cd9868f2179ba3bcd90559a66b3439,763163,2026-02-27 17:45:30.312338
CPNITO09.DBF,2009,TO,2776,9,19609aa66b342fbb4ea27910fa3ee895,166883,2026-02-27 17:45:33.651457
CPNIAC10.DBF,2010,AC,429,9,4b7b1a97acb772bdf26d70cdfcea2dee,26063,2026-02-27 17:45:38.288681
CPNIAL10.DBF,2010,AL,2004,9,078f6dc96921a6cf4ac9daae41b01e09,120563,2026-02-27 17:45:41.447958
CPNIAM10.DBF,2010,AM,1193,9,d4f467e778ab777511c5ad70d3412119,71903,2026-02-27 17:45:44.479419
CPNIAP10.DBF,2010,AP,308,9,805371df41728a496a01bca19b26693a,18803,2026-02-27 17:45:47.553266
CPNIBA10.DBF,2010,BA,8485,9,ec245824b2aea6898bb5e61228422a28,509423,2026-02-27 17:45:51.49204
CPNICE10.DBF,2010,CE,3674,9,ac10929645ed76ad0dfde7a5824132d5,220763,2026-02-27 17:45:54.938348
CPNIDF10.DBF,2010,DF,310,9,52638c6ba5598956c26da8be55d09588,18923,2026-02-27 17:45:58.006998
CPNIES10.DBF,2010,ES,1575,9,4cd987435324c2484ac5f7bab76d6b12,94823,2026-02-27 17:46:01.042747
CPNIGO10.DBF,2010,GO,4882,9,762b96efae268c30a5a06b4177df8ffa,293243,2026-02-27 17:46:04.793947
CPNIMA10.DBF,2010,MA,4203,9,f4574148d27072ddb9e7067463d1133a,252503,2026-02-27 17:46:08.214434
CPNIMG10.DBF,2010,MG,17048,9,75af645e912a53f7de507c339d405a0d,1023203,2026-02-27 17:46:12.403839
CPNIMS10.DBF,2010,MS,1530,9,004c609f9f1fa713265ba0f10512c1f4,92123,2026-02-27 17:46:15.423913
CPNIMT10.DBF,2010,MT,2752,9,04aefdec5683b1a2e64263ed43a60733,165443,2026-02-27 17:46:18.60371
CPNIPA10.DBF,2010,PA,2737,9,61e2b1bf894e94d7d4b7a9ef94d1d82f,164543,2026-02-27 17:46:21.819933
CPNIPB10.DBF,2010,PB,4087,9,41b2f5aea70eee02699ed5eab867b51b,245543,2026-02-27 17:46:25.313684
CPNIPE10.DBF,2010,PE,3615,9,f9995fbc0e1b20e2c4f22567d2dec16b,217223,2026-02-27 17:46:28.823554
CPNIPI10.DBF,2010,PI,4270,9,232e418763a886730bf71f74f0b15e53,256523,2026-02-27 17:46:32.208669
CPNIPR10.DBF,2010,PR,7819,9,e6029497bef6f7997f94238e87f2218e,469463,2026-02-27 17:46:36.188604
CPNIRJ10.DBF,2010,RJ,1871,9,c4f85e533503dd27750ffecbd311c4cc,112583,2026-02-27 17:46:39.741834
CPNIRN10.DBF,2010,RN,3144,9,ba167336c1bbbfaef3b420724c3c507c,188963,2026-02-27 17:46:42.907231
CPNIRO10.DBF,2010,RO,1030,9,8af41b43602378f64de56a12ad4ad739,62123,2026-02-27 17:46:45.79304
CPNIRR10.DBF,2010,RR,296,9,c66bdcf587b3286f6dc99a1b2c80387a,18083,2026-02-27 17:46:48.584485
CPNIRS10.DBF,2010,RS,9630,9,407db8867e88ef87701f5e1897ca405f,578123,2026-02-27 17:46:52.928312
CPNISC10.DBF,2010,SC,5713,9,85fe97d3c9f68b80f9d9e262bebcec93,343103,2026-02-27 17:46:56.593889
CPNISE10.DBF,2010,SE,1417,9,3095544f9984b9a261cced7a7a700d25,85343,2026-02-27 17:46:59.633949
CPNISP10.DBF,2010,SP,12771,9,6e9d0cac2c67d530d8484e3b6387775d,766583,2026-02-27 17:47:03.623428
CPNITO10.DBF,2010,TO,2744,9,dbc41c41ae104759e4a66103b4f09f01,164963,2026-02-27 17:47:06.791588
CPNIAC11.DBF,2011,AC,398,9,7d4b6d0df3874148649fdb9544c49673,24203,2026-02-27 17:47:11.586
CPNIAL11.DBF,2011,AL,1838,9,5d281313a4a18697a76d9118460082fb,110603,2026-02-27 17:47:14.764016
CPNIAM11.DBF,2011,AM,1118,9,068db3d0cc3962dc4625b1fb40bfe59a,67403,2026-02-27 17:47:17.835312
CPNIAP11.DBF,2011,AP,290,9,4dea03f843ac95a9ea0d7b9db8bdcf2d,17723,2026-02-27 17:47:20.559684
CPNIBA11.DBF,2011,BA,7508,9,65d88afc366cb1074cf7ffae8cb0ec75,450803,2026-02-27 17:47:24.315339
CPNICE11.DBF,2011,CE,3314,9,713a6d82d4bf1e7f890e24e6aa847923,199163,2026-02-27 17:47:28.189833
CPNIDF11.DBF,2011,DF,260,9,794e0fa0762e921f2b207f8849af3d1c,15923,2026-02-27 17:47:30.794848
CPNIES11.DBF,2011,ES,1406,9,23b2ac5b41d2d49b9419508fd5ef7bfb,84683,2026-02-27 17:47:33.853345
CPNIGO11.DBF,2011,GO,4430,9,716e1cb2fc2d59465fbddfba32e1c1ff,266123,2026-02-27 17:47:37.883422
CPNIMA11.DBF,2011,MA,3908,9,2f61e142bc4dacbe561cc0e9766102af,234803,2026-02-27 17:47:41.177356
CPNIMG11.DBF,2011,MG,15409,9,c583aa91cc287692b0e1c02d3eb16037,924863,2026-02-27 17:47:45.806105
CPNIMS11.DBF,2011,MS,1406,9,43ea425d31c439953661cacc2f0b2eaa,84683,2026-02-27 17:47:48.92062
CPNIMT11.DBF,2011,MT,2540,9,a6f15bdc5bdbcaf48f058646860c9809,152723,2026-02-27 17:47:52.084297
CPNIPA11.DBF,2011,PA,2576,9,b552387e6ffef3f2f2f2cd6d2a07bf00,154883,2026-02-27 17:47:55.394472
CPNIPB11.DBF,2011,PB,4016,9,b287ca1dcba5c3980a4eef17c51a2b2f,241283,2026-02-27 17:47:59.031286
CPNIPE11.DBF,2011,PE,3332,9,2958cbb7e2a6c5a59e13309aa097400d,200243,2026-02-27 17:48:02.464833
CPNIPI11.DBF,2011,PI,4034,9,78e88ca1d70442d1d63785cccc4f97be,242363,2026-02-27 17:48:06.18222
CPNIPR11.DBF,2011,PR,7184,9,9d3dc1569619c13f6535ed1ca9657539,431363,2026-02-27 17:48:09.72766
CPNIRJ11.DBF,2011,RJ,1658,9,3a5a309386fbe0192cc616d26ef82ae4,99803,2026-02-27 17:48:13.25395
CPNIRN11.DBF,2011,RN,3008,9,7939ba213ad35100f3af84ba0b4ad072,180803,2026-02-27 17:48:16.69462
CPNIRO11.DBF,2011,RO,938,9,a0e9d9bcc9f615340ed3bb22dc36ca3a,56603,2026-02-27 17:48:19.564353
CPNIRR11.DBF,2011,RR,272,9,e77970a51951991450ceecd1cc626550,16643,2026-02-27 17:48:22.576993
CPNIRS11.DBF,2011,RS,8930,9,4db084c1935a60096d3fd87a7ee6ee02,536123,2026-02-27 17:48:26.371942
CPNISC11.DBF,2011,SC,5276,9,8bc528dbc74051d6b489625734fdf47f,316883,2026-02-27 17:48:29.815402
CPNISE11.DBF,2011,SE,1352,9,3ffd85bf441a419bff65c384662fb954,81443,2026-02-27 17:48:32.924213
CPNISP11.DBF,2011,SP,11612,9,e9ee06ba531c97f33d6620adccdda5a4,697043,2026-02-27 17:48:36.75296
CPNITO11.DBF,2011,TO,2504,9,3f6fa8c1d2a424aa334b8de239ed8ce1,150563,2026-02-27 17:48:40.271657
CPNIAC12.DBF,2012,AC,427,9,6c2d2b899ae408720f62813bcec81d91,25943,2026-02-27 17:48:44.894861
CPNIAL12.DBF,2012,AL,1953,9,390d738e358a6f6b7eee436f869a9ca5,117503,2026-02-27 17:48:48.132385
CPNIAM12.DBF,2012,AM,1211,9,fdfe0028dc959bf2d60c21624f5c0fe5,72983,2026-02-27 17:48:51.197755
CPNIAP12.DBF,2012,AP,313,9,cb5bec786c879fc883971d4d6b6affa1,19103,2026-02-27 17:48:54.28257
CPNIBA12.DBF,2012,BA,8050,9,28696211f7b947e494a7371ed4847634,483323,2026-02-27 17:48:58.043884
CPNICE12.DBF,2012,CE,3525,9,797921be92da0774dfc2358c827e1f15,211823,2026-02-27 17:49:01.492357
CPNIDF12.DBF,2012,DF,277,9,aacce8cf7dc128dd9024a5d6a2e6129e,16943,2026-02-27 17:49:04.108108
CPNIES12.DBF,2012,ES,1502,9,f927e637044b672c4fe84fb5cb60488b,90443,2026-02-27 17:49:07.462172
CPNIGO12.DBF,2012,GO,4721,9,2075fb8ccc62f6b5b1a2d24492f36ef2,283583,2026-02-27 17:49:11.206592
CPNIMA12.DBF,2012,MA,4166,9,457d7569e1d5aaa993e321555b85d8b7,250283,2026-02-27 17:49:14.529958
CPNIMG12.DBF,2012,MG,16442,9,b26df4e14204aef70bd6760e9cc23f85,986843,2026-02-27 17:49:19.238788
CPNIMS12.DBF,2012,MS,1498,9,9852d72929d9eca627dcc9f71a38f286,90203,2026-02-27 17:49:22.873388
CPNIMT12.DBF,2012,MT,2715,9,1e3a248f40e12fa9abf1dfa938cd5042,163223,2026-02-27 17:49:26.058594
CPNIPA12.DBF,2012,PA,2742,9,82ddb44d34411a1760c4df1fa3eb2a1b,164843,2026-02-27 17:49:29.311767
CPNIPB12.DBF,2012,PB,4323,9,e164226db2a82f1f06421d75e9134361,259703,2026-02-27 17:49:32.754118
CPNIPE12.DBF,2012,PE,3537,9,c9fbd0a43ffc149e3c4f9116c59e089a,212543,2026-02-27 17:49:36.167742
CPNIPI12.DBF,2012,PI,4312,9,7132f0e4d2cc1d33e4c1cf7589909ccc,259043,2026-02-27 17:49:39.733967
CPNIPR12.DBF,2012,PR,7870,9,af7bcfc28fa86f0fad2aa17ab2816564,472523,2026-02-27 17:49:43.796445
CPNIRJ12.DBF,2012,RJ,1754,9,cb8de341c05274fa7a2e39514c312857,105563,2026-02-27 17:49:47.257991
CPNIRN12.DBF,2012,RN,3225,9,1d53481df216bc8f684600e41857d7e7,193823,2026-02-27 17:49:50.743917
CPNIRO12.DBF,2012,RO,1004,9,3b46af27f97f9ef8f8f67cf2c22c1adf,60563,2026-02-27 17:49:53.827661
CPNIRR12.DBF,2012,RR,291,9,48fd3fc6d4985cd05aee804e1de21dde,17783,2026-02-27 17:49:56.639473
CPNIRS12.DBF,2012,RS,9563,9,6cde4ea968433b4517d0b3b9e7cf8213,574103,2026-02-27 17:50:00.740558
CPNISC12.DBF,2012,SC,5675,9,858f14563e55ccc8fe5394f25471b10d,340823,2026-02-27 17:50:04.228855
CPNISE12.DBF,2012,SE,1464,9,7ca831bf2b571c32ee9642bbf8837bd1,88163,2026-02-27 17:50:07.324571
CPNISP12.DBF,2012,SP,12477,9,b8d930944380617801c06da2c4a55b90,748943,2026-02-27 17:50:11.20845
CPNITO12.DBF,2012,TO,2676,9,431dba916b8edadde8399cac43631e5c,160883,2026-02-27 17:50:14.488505
CPNIAC13.DBF,2013,AC,664,7,c865ced9e77a3f71bc8e3f08ae837d75,93219,2026-02-27 17:50:19.836385
CPNIAL13.DBF,2013,AL,2943,7,e5acb86479cacabe32716aa30e4fd473,412279,2026-02-27 17:50:23.691606
CPNIAM13.DBF,2013,AM,1907,7,e0c310ad6eef4dd6fea3d28aec5f9a9d,267239,2026-02-27 17:50:27.133113
CPNIAP13.DBF,2013,AP,453,7,58163d4a0db45440136f85d87c9d9456,63679,2026-02-27 17:50:30.72921
CPNIBA13.DBF,2013,BA,12478,7,188f0c15ed7ece86fbfafee88fba773e,1747179,2026-02-27 17:50:35.854362
CPNICE13.DBF,2013,CE,5346,7,3c39b04f8aac50802f234bc481ba21ca,748699,2026-02-27 17:50:39.810966
CPNIDF13.DBF,2013,DF,42,7,b719656250047eaf210574b9ea77a29d,6139,2026-02-27 17:50:42.484897
CPNIES13.DBF,2013,ES,2385,7,b0031a20e8b91543428b374662322cb5,334159,2026-02-27 17:50:46.266701
CPNIGO13.DBF,2013,GO,7629,7,c70dce1349a017146c21f78eedbfa4e9,1068319,2026-02-27 17:50:51.12031
CPNIMA13.DBF,2013,MA,6521,7,c921f39227e8ba3a3b64bb7955bb04c4,913199,2026-02-27 17:50:55.347747
CPNIMG13.DBF,2013,MG,26156,7,d6b6c653ebb90c18d6feda8d5d1c32cd,3662099,2026-02-27 17:51:03.237303
CPNIMS13.DBF,2013,MS,2434,7,0d14c5a34c765dfffddc282559708716,341019,2026-02-27 17:51:06.864412
CPNIMT13.DBF,2013,MT,4322,7,017a5a8003d07e027590b53a48a96afb,605339,2026-02-27 17:51:10.898157
CPNIPA13.DBF,2013,PA,4327,7,b119b4e9bf74945835f2e17bccdffc2e,606039,2026-02-27 17:51:14.722988
CPNIPB13.DBF,2013,PB,6499,7,a35e3d9198c4d927fc4f893faebd2253,910119,2026-02-27 17:51:18.900824
CPNIPE13.DBF,2013,PE,5367,7,dd8b16372d1345f5ef0bccb02eb6a8a4,751639,2026-02-27 17:51:22.890476
CPNIPI13.DBF,2013,PI,6692,7,0f91fdf8aa4ef3f1b12f5f9acacc85fd,937139,2026-02-27 17:51:26.963437
CPNIPR13.DBF,2013,PR,12309,7,46d7438c2f5b02d265fda0809b61b475,1723519,2026-02-27 17:51:32.543032
CPNIRJ13.DBF,2013,RJ,2763,7,44fe4a5991c77e19b46350728510e598,387079,2026-02-27 17:51:36.202157
CPNIRN13.DBF,2013,RN,4979,7,9cad3da555b8b5e2c8e3e290a4807161,697319,2026-02-27 17:51:40.895095
CPNIRO13.DBF,2013,RO,1619,7,999157e0bf9ab15f7ada1e833d3369a9,226919,2026-02-27 17:51:44.630244
CPNIRR13.DBF,2013,RR,444,7,2eaa52b8cab09e5741a44c081ccf4f4f,62419,2026-02-27 17:51:48.226606
CPNIRS13.DBF,2013,RS,14742,7,0120f308692c2cbe5f77093a2d0494bf,2064139,2026-02-27 17:51:54.228427
CPNISC13.DBF,2013,SC,8815,7,e72d78b42b3bbbe89d3aca4b8ad3860b,1234359,2026-02-27 17:51:58.865225
CPNISE13.DBF,2013,SE,2207,7,295cc0fd75b486184c3f2f0afc3393c8,309239,2026-02-27 17:52:02.469469
CPNISP13.DBF,2013,SP,20057,7,137f268aa96ba2a2230a45a8cf03a598,2808239,2026-02-27 17:52:08.833899
CPNITO13.DBF,2013,TO,4295,7,86337b878862be81cb6e0e25109a8d1b,601559,2026-02-27 17:52:12.693748
CPNIAC14.DBF,2014,AC,871,7,4f684ee16cc118f91ab856db37f1a40a,122199,2026-02-27 17:52:17.798284
CPNIAL14.DBF,2014,AL,4088,7,291e5485b02b0d6436d7efe2c4dda436,572579,2026-02-27 17:52:21.972471
CPNIAM14.DBF,2014,AM,2540,7,56f1f404a2d732ae9ceee84b06c0f715,355859,2026-02-27 17:52:25.787404
CPNIAP14.DBF,2014,AP,567,7,83474fee6f53ed96db1020c2bfc2d7ca,79639,2026-02-27 17:52:29.045481
CPNIBA14.DBF,2014,BA,16544,7,ff39331c8f6cc35af8e49a5d355b2a25,2316419,2026-02-27 17:52:34.83731
CPNICE14.DBF,2014,CE,7328,7,d8e6c01dc27b7a35e295638944e56777,1026179,2026-02-27 17:52:39.370982
CPNIDF14.DBF,2014,DF,46,7,5a8fc21c1fa1b336afb40c906442ebb7,6699,2026-02-27 17:52:41.964082
CPNIES14.DBF,2014,ES,3167,7,ca352c8e69a6752143b90df9a36d7017,443639,2026-02-27 17:52:45.437952
CPNIGO14.DBF,2014,GO,9480,7,2b138e16d532a7651ffb5356a6e9fca8,1327459,2026-02-27 17:52:50.263335
CPNIMA14.DBF,2014,MA,8570,7,9d0d24f041add02d909e1ad65afd7aa8,1200059,2026-02-27 17:52:55.148196
CPNIMG14.DBF,2014,MG,32349,7,df9099fb661c32c1af256a364d854248,4529119,2026-02-27 17:53:04.068479
CPNIMS14.DBF,2014,MS,3157,7,9342cda57688d28bf705d9e14cdc2775,442239,2026-02-27 17:53:07.660501
CPNIMT14.DBF,2014,MT,5685,7,c0d258ecb3098a7858623dd07b2f534c,796159,2026-02-27 17:53:12.182712
CPNIPA14.DBF,2014,PA,5658,7,99faa32c966b0fdb92eb107be5ae11e6,792379,2026-02-27 17:53:16.210823
CPNIPB14.DBF,2014,PB,8184,7,4f1d6eb32cb5a6a603e5b3ef3277f1f5,1146019,2026-02-27 17:53:20.954112
CPNIPE14.DBF,2014,PE,7378,7,6212f9b0584cff963fea1d60acf2c7df,1033179,2026-02-27 17:53:25.143448
CPNIPI14.DBF,2014,PI,8420,7,8dc840283286e93500a0628fa25c2781,1179059,2026-02-27 17:53:29.816023
CPNIPR14.DBF,2014,PR,15694,7,98729dd7e30c3b0a0dc55454a755b8e5,2197419,2026-02-27 17:53:35.542561
CPNIRJ14.DBF,2014,RJ,3743,7,9c5401c051afc1aed5f463814c8116b1,524279,2026-02-27 17:53:39.739927
CPNIRN14.DBF,2014,RN,6606,7,afe92e2f81c31a3f899f89e49f5c77b1,925099,2026-02-27 17:53:43.836328
CPNIRO14.DBF,2014,RO,2072,7,1e345302ab3dc015c63f804c468cd7e5,290339,2026-02-27 17:53:47.286897
CPNIRR14.DBF,2014,RR,610,7,c5cdc6b87b671d4174d598939223b2b0,85659,2026-02-27 17:53:50.927701
CPNIRS14.DBF,2014,RS,18395,7,e5dd2505957fbb522a51bdf7cdf9fda2,2575559,2026-02-27 17:53:57.025791
CPNISC14.DBF,2014,SC,11485,7,5459c2834ba1a02e76f47699d1788c1b,1608159,2026-02-27 17:54:02.417745
CPNISE14.DBF,2014,SE,2940,7,4c178d5521c3e6a709f384ccaa22b668,411859,2026-02-27 17:54:06.527136
CPNISP14.DBF,2014,SP,26239,7,aba439459d07a13a42fe03f52df6e269,3673719,2026-02-27 17:54:14.837917
CPNITO14.DBF,2014,TO,5374,7,25e0ae5109430b1c6414fc547ce3b2a5,752619,2026-02-27 17:54:18.753286
CPNIAC15.DBF,2015,AC,849,7,c95034d34d517d12993cf7093b0ac669,119119,2026-02-27 17:54:23.806332
CPNIAL15.DBF,2015,AL,3940,7,b73e482075a6dc29853fd904a15e64c6,551859,2026-02-27 17:54:27.548388
CPNIAM15.DBF,2015,AM,2449,7,145fab5e55849c963d3b2ea0e5ca22c6,343119,2026-02-27 17:54:31.12351
CPNIAP15.DBF,2015,AP,563,7,9e245d5c3d664de256a55a493d1894c1,79079,2026-02-27 17:54:34.137708
CPNIBA15.DBF,2015,BA,15924,7,d4c701698689ff9e45b950a4a2cd5154,2229619,2026-02-27 17:54:40.6128
CPNICE15.DBF,2015,CE,7216,7,979ab01fee5b1224086f0511298d60b5,1010499,2026-02-27 17:54:45.500022
CPNIDF15.DBF,2015,DF,46,7,bfc29e5959f9eb7d0c054c1ea1d1c9b1,6699,2026-02-27 17:54:48.601926
CPNIES15.DBF,2015,ES,3048,7,8f321d56dfa9aed4f56efb8dabc0d442,426979,2026-02-27 17:54:52.345132
CPNIGO15.DBF,2015,GO,8621,7,54721e3c3a0014b17d06abcc79c7b39f,1207199,2026-02-27 17:54:56.661594
CPNIMA15.DBF,2015,MA,8210,7,cdd3e7139a78dddc000f676d9c2e7d28,1149659,2026-02-27 17:55:01.169911
CPNIMG15.DBF,2015,MG,30010,7,90bc3f115c5c242c9d1d28def8147331,4201659,2026-02-27 17:55:09.071115
CPNIMS15.DBF,2015,MS,3093,7,4c0727ceefc4e7c160a9ff4c4d0fef0e,433279,2026-02-27 17:55:13.049678
CPNIMT15.DBF,2015,MT,5520,7,313902b3af93153ebc060a5b79589c88,773059,2026-02-27 17:55:16.921961
CPNIPA15.DBF,2015,PA,5226,7,91fe3c2c9deef739356c9327bf8c2e24,731899,2026-02-27 17:55:21.172678
CPNIPB15.DBF,2015,PB,7315,7,2a958a63b85563ca1d6ccb6c8ee546f1,1024359,2026-02-27 17:55:25.375461
CPNIPE15.DBF,2015,PE,7184,7,fa29188f170c75820fdb331898fd564a,1006019,2026-02-27 17:55:30.244386
CPNIPI15.DBF,2015,PI,7520,7,42fdbbf519bc5d96cc051f49068030d6,1053059,2026-02-27 17:55:34.628296
CPNIPR15.DBF,2015,PR,14591,7,c9a5fd88e37259961589c48336a9c270,2042999,2026-02-27 17:55:40.027
CPNIRJ15.DBF,2015,RJ,3716,7,d8f60716a2c3d03fe0d2d473325bd772,520499,2026-02-27 17:55:43.831557
CPNIRN15.DBF,2015,RN,6251,7,6bc84c2cdf1cbbe705f3b12d7a4c19cb,875399,2026-02-27 17:55:48.560074
CPNIRO15.DBF,2015,RO,2071,7,9368477700241b58fe3f53ad59b63ee6,290199,2026-02-27 17:55:52.594927
CPNIRR15.DBF,2015,RR,630,7,320105c8c7d10c98e9620e19108845bf,88459,2026-02-27 17:55:55.782624
CPNIRS15.DBF,2015,RS,16589,7,24cc0dd9a6e04123e09d9d00d27364e2,2322719,2026-02-27 17:56:01.578536
CPNISC15.DBF,2015,SC,10927,7,35cc5d67c00d39d742b1a2609ab76e46,1530039,2026-02-27 17:56:06.830824
CPNISE15.DBF,2015,SE,2852,7,23145d96f4fa24969d5093b3f2187928,399539,2026-02-27 17:56:10.53961
CPNISP15.DBF,2015,SP,25892,7,dd5e476d36aee51815120c19054565ec,3625139,2026-02-27 17:56:17.992798
CPNITO15.DBF,2015,TO,4750,7,f4643a98acab3202780faa23a42f11be,665259,2026-02-27 17:56:22.015508
CPNIAC16.DBF,2016,AC,808,7,eaa8dc19b59afb677fb32d7723f4a126,113378,2026-02-27 17:56:27.359078
CPNIAL16.DBF,2016,AL,3909,7,60010d85caf2ac7c0c4b01845330da7e,547518,2026-02-27 17:56:31.423365
CPNIAM16.DBF,2016,AM,2364,7,2d235d945cb07b70c256b19dfd343c83,331218,2026-02-27 17:56:34.855397
CPNIAP16.DBF,2016,AP,559,7,fcd0ed795ebcc4865b6b25ee7e87c9d8,78518,2026-02-27 17:56:37.861341
CPNIBA16.DBF,2016,BA,14714,7,8a505a0ed7aeda9fe4f81d860f991873,2060218,2026-02-27 17:56:43.670514
CPNICE16.DBF,2016,CE,7126,7,381355dd39d0d93ffccc55ea8e75b518,997898,2026-02-27 17:56:47.929294
CPNIDF16.DBF,2016,DF,48,7,6971122e9e02bb0c58badd8f7e792ffb,6978,2026-02-27 17:56:50.937694
CPNIES16.DBF,2016,ES,2881,7,427dc0e33088a5e3d3623445300a6a54,403598,2026-02-27 17:56:55.065954
CPNIGO16.DBF,2016,GO,8014,7,d04d3f1e8dbdf18519472f787ae76060,1122218,2026-02-27 17:56:59.753264
CPNIMA16.DBF,2016,MA,7586,7,457265f837168481147e6b9d87e375d9,1062298,2026-02-27 17:57:04.453665
CPNIMG16.DBF,2016,MG,27810,7,f7c92e673efdab3d83901fb2b6fe60bc,3893658,2026-02-27 17:57:11.819628
CPNIMS16.DBF,2016,MS,2814,7,c0b978e148e881868ac0bd1e476d0385,394218,2026-02-27 17:57:15.578526
CPNIMT16.DBF,2016,MT,5270,7,61ed8d4e5f6199667df1d14fe6c352ca,738058,2026-02-27 17:57:19.954636
CPNIPA16.DBF,2016,PA,5056,7,11bba64a83e39962bd65a988f4a6b5c8,708098,2026-02-27 17:57:23.859029
CPNIPB16.DBF,2016,PB,6993,7,e2205b90816cfbff75139e109e1f3d0d,979278,2026-02-27 17:57:27.977616
CPNIPE16.DBF,2016,PE,6928,7,86e399c7b7011a8ae9ee01dd0d506d5d,970178,2026-02-27 17:57:32.225432
CPNIPI16.DBF,2016,PI,7240,7,2b493dc4677a5309276c0e0a17b70f81,1013858,2026-02-27 17:57:36.424528
CPNIPR16.DBF,2016,PR,13436,7,f26a22012a2ddb76c2e2912df2a61ce9,1881298,2026-02-27 17:57:41.712652
CPNIRJ16.DBF,2016,RJ,3675,7,0844d76d8eaf8173fec61b79b2d42f8c,514758,2026-02-27 17:57:45.488414
CPNIRN16.DBF,2016,RN,5434,7,aa1d7e1deeb51ab480c83692d76dc22c,761018,2026-02-27 17:57:49.771549
CPNIRO16.DBF,2016,RO,2024,7,4a9da684bf801bf4a4d95f4ad800794c,283618,2026-02-27 17:57:53.183907
CPNIRR16.DBF,2016,RR,631,7,64b032033167e4bf452c382f07849927,88598,2026-02-27 17:57:56.525994
CPNIRS16.DBF,2016,RS,15399,7,7329325b69876eade8f25b0884bd4947,2156118,2026-02-27 17:58:02.206273
CPNISC16.DBF,2016,SC,9453,7,087594d0b7b8067e140e676cea7bb0d1,1323678,2026-02-27 17:58:06.925128
CPNISE16.DBF,2016,SE,2668,7,00b4db8629da79b9f8950ccd6c6bc438,373778,2026-02-27 17:58:10.482753
CPNISP16.DBF,2016,SP,23737,7,160c530b8549e93c4260541f668fcc45,3323438,2026-02-27 17:58:17.743406
CPNITO16.DBF,2016,TO,4494,7,17fdfaea8e384a4e3bd3e44aa5c06afc,629418,2026-02-27 17:58:21.702191
CPNIAC17.DBF,2017,AC,550,7,ed69606ab752bd772649e419a7986569,75058,2026-02-27 17:58:26.828063
CPNIAL17.DBF,2017,AL,2599,7,7083b8e79204c7a07d066559fa59dbc2,353722,2026-02-27 17:59:16.547202
CPNIAM17.DBF,2017,AM,1588,7,c9dfca91bcdfca672bd24a90be5026b8,216226,2026-02-27 18:00:27.31156
CPNIAP17.DBF,2017,AP,389,7,34edd01fef59fa4db80d27124f677f70,53162,2026-02-27 18:00:30.47851
CPNIBA17.DBF,2017,BA,10156,7,aa9e36916d934c6c796bfff798ef3c17,1381474,2026-02-27 18:00:35.772247
CPNICE17.DBF,2017,CE,4724,7,29355efbb9e177ac10d421b766e82881,642722,2026-02-27 18:00:40.13241
CPNIDF17.DBF,2017,DF,28,7,8959c553a02a2e7140e85b0a8702447f,4066,2026-02-27 18:00:42.675019
CPNIES17.DBF,2017,ES,1946,7,b3de2696a75c63e18ac8d48e16612fc1,264914,2026-02-27 18:00:46.450019
CPNIGO17.DBF,2017,GO,5828,7,4353f024679e97c4ccf934434ef612f6,792866,2026-02-27 18:00:50.706273
CPNIMA17.DBF,2017,MA,5253,7,8581496f4ae90ea2cecf5e47d2da9d7f,714666,2026-02-27 18:00:54.529017
CPNIMG17.DBF,2017,MG,20015,7,c04fe04f7a41f3e359240b63f1cc8d24,2722298,2026-02-27 18:01:00.64851
CPNIMS17.DBF,2017,MS,1916,7,1b84a7f9797bf435b25c78bb17f02d38,260834,2026-02-27 18:01:04.059722
CPNIMT17.DBF,2017,MT,3501,7,507a499829506af9f9728769274fd22f,476394,2026-02-27 18:01:07.778012
CPNIPA17.DBF,2017,PA,3513,7,8136127f0cca97ae2f0ad2e0b60ebb44,478026,2026-02-27 18:01:11.581527
CPNIPB17.DBF,2017,PB,5089,7,ceb8ab69a35d9afa4c84d65df9e8afd5,692362,2026-02-27 18:01:16.014781
CPNIPE17.DBF,2017,PE,4644,7,f69d33cd9e695ec15b5bbbb68f1b7d28,631842,2026-02-27 18:01:19.79152
CPNIPI17.DBF,2017,PI,5280,7,f4b6fdf7be08e8038ffbd7560c9e3a5d,718338,2026-02-27 18:01:23.761168
CPNIPR17.DBF,2017,PR,9384,7,48e712326ac367ec70c10d0cffb03e05,1276482,2026-02-27 18:01:28.390309
CPNIRJ17.DBF,2017,RJ,2384,7,7a943be3c64feffa5f710cfa0767dd97,324482,2026-02-27 18:01:31.995402
CPNIRN17.DBF,2017,RN,3852,7,8830b4641199a8bad2ad4b6f04505317,524130,2026-02-27 18:01:35.793637
CPNIRO17.DBF,2017,RO,1296,7,e5ec3c89f348d6cd3c30e65b1a4b0fbe,176514,2026-02-27 18:01:39.297122
CPNIRR17.DBF,2017,RR,399,7,ec5a11abcd916957e5e3a919dc490fc4,54522,2026-02-27 18:01:42.515651
CPNIRS17.DBF,2017,RS,11563,7,7285952d538a3b92af6064a3dbd5c015,1572826,2026-02-27 18:01:47.276428
CPNISC17.DBF,2017,SC,6901,7,05a622a1faeb6a1021c38ec23cafd07f,938794,2026-02-27 18:01:51.448331
CPNISE17.DBF,2017,SE,1827,7,be10e845fd892bf2b71b96c30766723b,248730,2026-02-27 18:01:54.963933
CPNISP17.DBF,2017,SP,15793,7,6a5ba1b4937c9353d04608c045bf9752,2148106,2026-02-27 18:02:00.568766
CPNITO17.DBF,2017,TO,3229,7,92cf018d3f26d4546cd27d053704851a,439402,2026-02-27 18:02:04.172559
CPNIAC18.DBF,2018,AC,540,7,d7630d3f241e7e58900bc23c2c688025,73698,2026-02-27 18:02:08.97538
CPNIAL18.DBF,2018,AL,2610,7,23d944f7d77d90f93b8abf663cb48134,355218,2026-02-27 18:02:12.599379
CPNIAM18.DBF,2018,AM,1586,7,2d7762d97dac5465f841ee2000ba4496,215954,2026-02-27 18:02:15.950917
CPNIAP18.DBF,2018,AP,381,7,583cc9dc5c98d06d0d48dff152895b65,52074,2026-02-27 18:02:19.195446
CPNIBA18.DBF,2018,BA,9995,7,754f2276440d3ff105ad5d399d812fc5,1359578,2026-02-27 18:02:24.222707
CPNICE18.DBF,2018,CE,4656,7,8d2686ec8b42b7871ff9413adcf87489,633474,2026-02-27 18:02:28.643148
CPNIDF18.DBF,2018,DF,28,7,7347426f1e0f315a46cb1d6b55a14dc5,4066,2026-02-27 18:02:31.341285
CPNIES18.DBF,2018,ES,1911,7,7ebfdf5fce1718edc6d95ca417e78112,260154,2026-02-27 18:02:34.670361
CPNIGO18.DBF,2018,GO,5789,7,d82998bf3639e9fd83340af15a102e8d,787562,2026-02-27 18:02:38.658811
CPNIMA18.DBF,2018,MA,5210,7,76151d9a7fc4dc67a933306a861e1411,708818,2026-02-27 18:02:43.018028
CPNIMG18.DBF,2018,MG,19923,7,692d828ab73740ee65d1a0ef7d89691c,2709786,2026-02-27 18:02:49.37991
CPNIMS18.DBF,2018,MS,1908,7,1f5662fe39a42e86db2f7c21d36bdf2b,259746,2026-02-27 18:02:53.325593
CPNIMT18.DBF,2018,MT,3430,7,6ae7fe049b3a7da8d7fcb4406655ee4b,466738,2026-02-27 18:02:56.882709
CPNIPA18.DBF,2018,PA,3502,7,4b8acf54ebc107c029425eb27f2fb14c,476530,2026-02-27 18:03:00.794043
CPNIPB18.DBF,2018,PB,5106,7,b2be9cab1a30a3d23da46fc5f05718c6,694674,2026-02-27 18:03:04.975933
CPNIPE18.DBF,2018,PE,4596,7,30ff4712bcd367cdf78029811c12c074,625314,2026-02-27 18:03:08.7591
CPNIPI18.DBF,2018,PI,5197,7,eea0a5d6cf0f5005021f4389c7f0b1ff,707050,2026-02-27 18:03:12.555751
CPNIPR18.DBF,2018,PR,9385,7,5dfae3680210b4fa7f94106071be3b32,1276618,2026-02-27 18:03:17.255071
CPNIRJ18.DBF,2018,RJ,2425,7,307c3ce7b531d154269efdd5d5482ddd,330058,2026-02-27 18:03:20.773608
CPNIRN18.DBF,2018,RN,3811,7,4de467a8f3f782a8d31a0765f4d70acb,518554,2026-02-27 18:03:25.002727
CPNIRO18.DBF,2018,RO,1252,7,74a673441dad3f1cee1a1b57180636f4,170530,2026-02-27 18:03:28.540132
CPNIRR18.DBF,2018,RR,403,7,3337ec18d1cc26cb5a87822089f4fd38,55066,2026-02-27 18:03:31.426672
CPNIRS18.DBF,2018,RS,11565,7,9d60a56a2ab88cd18263c495c52c18fe,1573098,2026-02-27 18:03:36.497616
CPNISC18.DBF,2018,SC,6939,7,f93f9a5ddf66bec3c3aff6a62c3b52f9,943962,2026-02-27 18:03:40.794235
CPNISE18.DBF,2018,SE,1789,7,f1efcad8b47685c720e6b0a5efe34c38,243562,2026-02-27 18:03:44.544403
CPNISP18.DBF,2018,SP,15648,7,fa1834b7386ad1b44aa8203b9c1a7416,2128386,2026-02-27 18:03:50.060061
CPNITO18.DBF,2018,TO,3204,7,7dfd9c4c29fa7adce2767d449848bdaf,436002,2026-02-27 18:03:54.109144
CPNIAC19.DBF,2019,AC,516,7,4d5b273fd57b38d3b9df561001f1af8c,70434,2026-02-27 18:03:59.388644
CPNIAL19.DBF,2019,AL,2439,7,5d27f1041e932bc7b1a59edf0a015f86,331962,2026-02-27 18:04:02.989925
CPNIAM19.DBF,2019,AM,1510,7,125047f2be6c2f0b3e970c0c35c5b618,205618,2026-02-27 18:04:06.324442
CPNIAP19.DBF,2019,AP,373,7,ef027ab9cafa7e051a6755e47a2f7dae,50986,2026-02-27 18:04:09.495834
CPNIBA19.DBF,2019,BA,9563,7,1f8bda79824789d8beb90588c8d2153f,1300826,2026-02-27 18:04:14.290507
CPNICE19.DBF,2019,CE,4285,7,c5df89e135266bfaf822c3ec0b005971,583018,2026-02-27 18:04:18.427722
CPNIDF19.DBF,2019,DF,28,7,8c474ddd41375caee42594cc19e68e7d,4066,2026-02-27 18:04:20.897884
CPNIES19.DBF,2019,ES,1831,7,0151ecd43e01c70c60dd4da16c987b50,249274,2026-02-27 18:04:24.452836
CPNIGO19.DBF,2019,GO,5629,7,09da392bc0c435930b9afd9e8c027834,765802,2026-02-27 18:04:28.509791
CPNIMA19.DBF,2019,MA,5032,7,87802fa3671781dcf6574e9be921419f,684610,2026-02-27 18:04:32.555723
CPNIMG19.DBF,2019,MG,19334,7,896820d565fb15faad19af65b0150dfd,2629682,2026-02-27 18:04:38.676899
CPNIMS19.DBF,2019,MS,1839,7,d747448aebaf75d9547772a1090a4e8b,250362,2026-02-27 18:04:42.42231
CPNIMT19.DBF,2019,MT,3295,7,4a3e2a4f00c114557d2094e26bad9efa,448378,2026-02-27 18:04:46.411237
CPNIPA19.DBF,2019,PA,3371,7,74936b36e937bbfc6fb8c5463b5ee15b,458714,2026-02-27 18:04:49.988133
CPNIPB19.DBF,2019,PB,4905,7,a7dfca6d950038d1ad8135bc4ad21b11,667338,2026-02-27 18:04:54.022422
CPNIPE19.DBF,2019,PE,4343,7,02ff85b3b18d1aae0b033243eb7b1401,590906,2026-02-27 18:04:58.196577
CPNIPI19.DBF,2019,PI,5028,7,cfcfc51965b1d352b3db119bfe853676,684066,2026-02-27 18:05:02.1632
CPNIPR19.DBF,2019,PR,9123,7,02c65595a401a65be18673217b22f4da,1240986,2026-02-27 18:05:06.579036
CPNIRJ19.DBF,2019,RJ,2190,7,23b3edfc3491e9b9b686b51425527186,298098,2026-02-27 18:05:09.935513
CPNIRN19.DBF,2019,RN,3654,7,072031d344c48dec558f68f935b8ebc7,497202,2026-02-27 18:05:13.531589
CPNIRO19.DBF,2019,RO,1205,7,3fac6fcf78b9329f02b8d2c48074c3d1,164138,2026-02-27 18:05:17.0019
CPNIRR19.DBF,2019,RR,384,7,190be8e8be2d77a185078bfc06d594eb,52482,2026-02-27 18:05:19.89931
CPNIRS19.DBF,2019,RS,11296,7,dfc0981e15aeab33686b2aa2d672950d,1536514,2026-02-27 18:05:25.104968
CPNISC19.DBF,2019,SC,6744,7,fb0e1eae79855f6c72122d31721977c7,917442,2026-02-27 18:05:29.26162
CPNISE19.DBF,2019,SE,1673,7,6c3231f7d69026f4788971b61858c2f3,227786,2026-02-27 18:05:32.959136
CPNISP19.DBF,2019,SP,15014,7,6824ff61db5d2bbcb95c2058ca15da38,2042162,2026-02-27 18:05:38.822915
CPNITO19.DBF,2019,TO,3127,7,05955d4602690eb265f0a132d8b95455,425530,2026-02-27 18:05:42.330006
