arquivo,ano,mes,uf,n_registros,n_colunas_fonte,n_colunas_parquet,hash_md5,tamanho_bytes,data_processamento,pipeline_version,git_commit
SPAC9706.dbc,1997,06,AC,7852,16,16,920e401e31469d8ab6724d32a8eb450b,93948,2026-08-18 04:00:30.771585,1.2.0,2cd41fb8fe145e88eb32b157372ff6893f5c22bb
SPAL9706.dbc,1997,06,AL,58748,16,16,f432292d34ed85f95098bb39b4c4a827,702543,2026-08-18 04:00:31.187232,1.2.0,2cd41fb8fe145e88eb32b157372ff6893f5c22bb
SPAM9706.dbc,1997,06,AM,29991,16,16,9af596d79b21bfa886502db2434b563c,318870,2026-08-18 04:00:31.424154,1.2.0,2cd41fb8fe145e88eb32b157372ff6893f5c22bb
SPAP9706.dbc,1997,06,AP,5991,16,16,3fe899722eb8abdfaedc6ffe00268e1f,64210,2026-08-18 04:00:31.540081,1.2.0,2cd41fb8fe145e88eb32b157372ff6893f5c22bb
SPBA9706.dbc,1997,06,BA,285990,16,16,9fc78c3d479c7e80bd828abb7e189976,3209378,2026-08-18 04:00:33.344158,1.2.0,2cd41fb8fe145e88eb32b157372ff6893f5c22bb
SPCE9706.dbc,1997,06,CE,166021,16,16,3ebb4c127cc5affc471786b6ed2c44e4,1905467,2026-08-18 04:00:34.341791,1.2.0,2cd41fb8fe145e88eb32b157372ff6893f5c22bb
SPDF9706.dbc,1997,06,DF,78069,16,16,6e1b22547c0970edd74cd9c18039ed3b,824019,2026-08-18 04:00:34.867674,1.2.0,2cd41fb8fe145e88eb32b157372ff6893f5c22bb
SPES9706.dbc,1997,06,ES,75881,16,16,858456a96bd5d47913dbd8b5d793bbd9,894833,2026-08-18 04:00:35.416945,1.2.0,2cd41fb8fe145e88eb32b157372ff6893f5c22bb
SPGO9706.dbc,1997,06,GO,123176,16,16,e6b9d4a33a4f7e0b9c51735f6b7c22a6,1435767,2026-08-18 04:00:36.190335,1.2.0,2cd41fb8fe145e88eb32b157372ff6893f5c22bb
SPMA9706.dbc,1997,06,MA,111495,16,16,2ebde3155c42e2e92c8d8909335070db,1167804,2026-08-18 04:00:36.914782,1.2.0,2cd41fb8fe145e88eb32b157372ff6893f5c22bb
SPMG9706.dbc,1997,06,MG,525817,16,16,4171618f999814502ee68978747e9848,6347192,2026-08-18 04:00:40.080399,1.2.0,2cd41fb8fe145e88eb32b157372ff6893f5c22bb
SPMS9706.dbc,1997,06,MS,65338,16,16,46141fd2d85364e4271e10155f188679,778873,2026-08-18 04:00:40.530231,1.2.0,2cd41fb8fe145e88eb32b157372ff6893f5c22bb
SPMT9706.dbc,1997,06,MT,67057,16,16,ce4bb963cf4f2d40eae4e8282b62059e,759572,2026-08-18 04:00:41.003695,1.2.0,2cd41fb8fe145e88eb32b157372ff6893f5c22bb
SPPA9706.dbc,1997,06,PA,133211,16,16,ec7d8af3a276225f177f041a31ddd185,1394902,2026-08-18 04:00:41.845603,1.2.0,2cd41fb8fe145e88eb32b157372ff6893f5c22bb
SPPB9706.dbc,1997,06,PB,86622,16,16,323717242049f2e3a4cc0d2d722ad983,930054,2026-08-18 04:00:42.417,1.2.0,2cd41fb8fe145e88eb32b157372ff6893f5c22bb
SPPE9706.dbc,1997,06,PE,181016,16,16,a67c6249ac65ccbbf9be3ea65b0dd2e9,2023993,2026-08-18 04:00:43.540755,1.2.0,2cd41fb8fe145e88eb32b157372ff6893f5c22bb
SPPI9706.dbc,1997,06,PI,55316,16,16,998f61c08244b27110409a0305a9eaf0,667152,2026-08-18 04:00:43.937334,1.2.0,2cd41fb8fe145e88eb32b157372ff6893f5c22bb
SPPR9706.dbc,1997,06,PR,331379,16,16,d5a81bd1abe9349a751c4b2200accc94,4069900,2026-08-18 04:00:45.934297,1.2.0,2cd41fb8fe145e88eb32b157372ff6893f5c22bb
SPRJ9706.dbc,1997,06,RJ,376891,16,16,f5dd1f89017bcf9aa03a3d818690ff75,4028490,2026-08-18 04:00:48.27447,1.2.0,2cd41fb8fe145e88eb32b157372ff6893f5c22bb
SPRN9706.dbc,1997,06,RN,39704,16,16,048bb153279fa785fa4e05fdcc5ab974,470872,2026-08-18 04:00:48.581195,1.2.0,2cd41fb8fe145e88eb32b157372ff6893f5c22bb
SPRO9706.dbc,1997,06,RO,23881,16,16,4ed5ef533a3054478104ddd30630b89e,250312,2026-08-18 04:00:48.794227,1.2.0,2cd41fb8fe145e88eb32b157372ff6893f5c22bb
SPRS9706.dbc,1997,06,RS,389288,16,16,35e856463b15be9b4e09d745fd0ceecd,4426462,2026-08-18 04:00:51.203917,1.2.0,2cd41fb8fe145e88eb32b157372ff6893f5c22bb
SPSC9706.dbc,1997,06,SC,168759,16,16,bfc5b6045e1043fb8c74be01f6704718,2093880,2026-08-18 04:00:52.265836,1.2.0,2cd41fb8fe145e88eb32b157372ff6893f5c22bb
SPSE9706.dbc,1997,06,SE,34491,16,16,f150cf4217962523d26790c872a9ab90,439316,2026-08-18 04:00:52.573723,1.2.0,2cd41fb8fe145e88eb32b157372ff6893f5c22bb
SPSP9706.dbc,1997,06,SP,1089910,16,16,7737433fd24d2e1e6400eadbef2bedad,12740642,2026-08-18 04:00:59.226774,1.2.0,2cd41fb8fe145e88eb32b157372ff6893f5c22bb
SPTO9706.dbc,1997,06,TO,29755,16,16,3d72e8aeac27a9c8fa483fcc7ddf410e,336857,2026-08-18 04:00:59.477547,1.2.0,2cd41fb8fe145e88eb32b157372ff6893f5c22bb
SPAC9707.dbc,1997,07,AC,8063,16,16,bdb9ea22144abf67e48ffb5d6af62403,93279,2026-08-18 04:01:14.114476,1.2.0,2cd41fb8fe145e88eb32b157372ff6893f5c22bb
SPAL9707.dbc,1997,07,AL,64764,16,16,7c6a1825393b1c9876724f50b03aea5d,784318,2026-08-18 04:01:14.556596,1.2.0,2cd41fb8fe145e88eb32b157372ff6893f5c22bb
SPAM9707.dbc,1997,07,AM,29979,16,16,593955ec5b3d258e91a39a4740aad293,319816,2026-08-18 04:01:14.806417,1.2.0,2cd41fb8fe145e88eb32b157372ff6893f5c22bb
SPAP9707.dbc,1997,07,AP,5115,16,16,83cb456f20161ec50582aa9c2cc3d01c,57692,2026-08-18 04:01:14.928984,1.2.0,2cd41fb8fe145e88eb32b157372ff6893f5c22bb
SPBA9707.dbc,1997,07,BA,262574,16,16,40f5614d4ac350f2e9783b1b2f670801,2907744,2026-08-18 04:01:16.459204,1.2.0,2cd41fb8fe145e88eb32b157372ff6893f5c22bb
SPCE9707.dbc,1997,07,CE,163969,16,16,6a96c5caccf65dc11f8e8935c2d2ee94,1887025,2026-08-18 04:01:17.45583,1.2.0,2cd41fb8fe145e88eb32b157372ff6893f5c22bb
SPDF9707.dbc,1997,07,DF,64557,16,16,f974e0005a9c5f9d79939c822ed72aa3,675954,2026-08-18 04:01:17.884995,1.2.0,2cd41fb8fe145e88eb32b157372ff6893f5c22bb
SPES9707.dbc,1997,07,ES,72949,16,16,34cf61b96236b19f46b691d266035317,858035,2026-08-18 04:01:18.419992,1.2.0,2cd41fb8fe145e88eb32b157372ff6893f5c22bb
SPGO9707.dbc,1997,07,GO,119317,16,16,bed093a3e8411d2754e70687aa0cb49c,1387893,2026-08-18 04:01:19.170518,1.2.0,2cd41fb8fe145e88eb32b157372ff6893f5c22bb
SPMA9707.dbc,1997,07,MA,112004,16,16,78c573ebc1bca190fefffe99c7dab128,1161996,2026-08-18 04:01:19.926024,1.2.0,2cd41fb8fe145e88eb32b157372ff6893f5c22bb
SPMG9707.dbc,1997,07,MG,542479,16,16,91ddfb5b9c61fb7af4b10160ed9be135,6526633,2026-08-18 04:01:23.190967,1.2.0,2cd41fb8fe145e88eb32b157372ff6893f5c22bb
SPMS9707.dbc,1997,07,MS,64335,16,16,5350ac43222217ae5714be6dd0e1b4cb,763839,2026-08-18 04:01:23.641707,1.2.0,2cd41fb8fe145e88eb32b157372ff6893f5c22bb
SPMT9707.dbc,1997,07,MT,67200,16,16,7aa0cb621f7fd9b443a73ffd70572840,763934,2026-08-18 04:01:24.105015,1.2.0,2cd41fb8fe145e88eb32b157372ff6893f5c22bb
SPPA9707.dbc,1997,07,PA,137203,16,16,2678606d659d0eb66432d0725128f18d,1448342,2026-08-18 04:01:24.94211,1.2.0,2cd41fb8fe145e88eb32b157372ff6893f5c22bb
SPPB9707.dbc,1997,07,PB,87868,16,16,ef48d196843f8c66eec3638e5369a6f0,940308,2026-08-18 04:01:25.503679,1.2.0,2cd41fb8fe145e88eb32b157372ff6893f5c22bb
SPPE9707.dbc,1997,07,PE,184322,16,16,cd94a753789e79c9dff6c88aa49d141f,2078984,2026-08-18 04:01:26.557171,1.2.0,2cd41fb8fe145e88eb32b157372ff6893f5c22bb
SPPI9707.dbc,1997,07,PI,54102,16,16,07f0c15818926cbe204753d1c2ebd7c8,651580,2026-08-18 04:01:26.947585,1.2.0,2cd41fb8fe145e88eb32b157372ff6893f5c22bb
SPPR9707.dbc,1997,07,PR,337165,16,16,43b03dc201ec7fe1b2b389e4ee9e040b,4125732,2026-08-18 04:01:28.857891,1.2.0,2cd41fb8fe145e88eb32b157372ff6893f5c22bb
SPRJ9707.dbc,1997,07,RJ,390700,16,16,14ee7543609a8a987f900615ee46fb32,4197563,2026-08-18 04:01:31.09008,1.2.0,2cd41fb8fe145e88eb32b157372ff6893f5c22bb
SPRN9707.dbc,1997,07,RN,39161,16,16,f82b04d9df54f68c8b5a2ada7186011a,464366,2026-08-18 04:01:31.401689,1.2.0,2cd41fb8fe145e88eb32b157372ff6893f5c22bb
SPRO9707.dbc,1997,07,RO,24999,16,16,b88c2498fb845a0d1f35c47294e5b095,264486,2026-08-18 04:01:31.627995,1.2.0,2cd41fb8fe145e88eb32b157372ff6893f5c22bb
SPRR9707.dbc,1997,07,RR,599,16,16,43e0001f8d7cccd74d0d4ce3e18d7fe2,7890,2026-08-18 04:01:31.725392,1.2.0,2cd41fb8fe145e88eb32b157372ff6893f5c22bb
SPRS9707.dbc,1997,07,RS,421913,16,16,13d38f0472c12e8e9ab9a99c4a268e04,4767711,2026-08-18 04:01:34.193642,1.2.0,2cd41fb8fe145e88eb32b157372ff6893f5c22bb
SPSC9707.dbc,1997,07,SC,170286,16,16,3b098655ef07daa9bef766a51ec1c8a3,2125609,2026-08-18 04:01:35.175761,1.2.0,2cd41fb8fe145e88eb32b157372ff6893f5c22bb
SPSE9707.dbc,1997,07,SE,33567,16,16,b24cfed4b2530b2c782818aed40e8e2b,433041,2026-08-18 04:01:35.481463,1.2.0,2cd41fb8fe145e88eb32b157372ff6893f5c22bb
SPSP9707.dbc,1997,07,SP,1103836,16,16,a4bfc638a4176aa16e6fb63b948651d6,12928344,2026-08-18 04:01:42.010628,1.2.0,2cd41fb8fe145e88eb32b157372ff6893f5c22bb
SPTO9707.dbc,1997,07,TO,28658,16,16,b7e2643ce55c07f2a0d0f00c8f487adc,328332,2026-08-18 04:01:42.264679,1.2.0,2cd41fb8fe145e88eb32b157372ff6893f5c22bb
SPAC9708.dbc,1997,08,AC,7868,16,16,afe1f7fb033640a022dd8b7969e1b57a,95071,2026-08-18 04:01:55.64036,1.2.0,2cd41fb8fe145e88eb32b157372ff6893f5c22bb
SPAL9708.dbc,1997,08,AL,59004,16,16,1b5b14ce21e780fb96f6cd830074ceba,712432,2026-08-18 04:01:56.063051,1.2.0,2cd41fb8fe145e88eb32b157372ff6893f5c22bb
SPAM9708.dbc,1997,08,AM,29226,16,16,25fdb63283f2e2983e82540af601a1a5,309778,2026-08-18 04:01:56.3125,1.2.0,2cd41fb8fe145e88eb32b157372ff6893f5c22bb
SPAP9708.dbc,1997,08,AP,5843,16,16,faee62e4e355435bd44d7207ff4d9ac6,64024,2026-08-18 04:01:56.478683,1.2.0,2cd41fb8fe145e88eb32b157372ff6893f5c22bb
SPBA9708.dbc,1997,08,BA,225830,16,16,293a66049ef9a2ab5802003f1307c3ff,2529825,2026-08-18 04:01:57.901291,1.2.0,2cd41fb8fe145e88eb32b157372ff6893f5c22bb
SPCE9708.dbc,1997,08,CE,163110,16,16,1ec723839159d4e748a59f12e9d081a1,1874428,2026-08-18 04:01:58.84808,1.2.0,2cd41fb8fe145e88eb32b157372ff6893f5c22bb
SPDF9708.dbc,1997,08,DF,77354,16,16,13aac640516b1e2c060e6841e56e6e72,820227,2026-08-18 04:01:59.325322,1.2.0,2cd41fb8fe145e88eb32b157372ff6893f5c22bb
SPES9708.dbc,1997,08,ES,77357,16,16,3667ee604fe6b4c3a569af72d194dc63,915275,2026-08-18 04:01:59.820631,1.2.0,2cd41fb8fe145e88eb32b157372ff6893f5c22bb
SPGO9708.dbc,1997,08,GO,118410,16,16,77522268b30b47daeb8820256dd0b33b,1393848,2026-08-18 04:02:00.542088,1.2.0,2cd41fb8fe145e88eb32b157372ff6893f5c22bb
SPMA9708.dbc,1997,08,MA,111834,16,16,e42b816cbe2b9be8efd71ce354e22b39,1170835,2026-08-18 04:02:01.245381,1.2.0,2cd41fb8fe145e88eb32b157372ff6893f5c22bb
SPMG9708.dbc,1997,08,MG,505971,16,16,f2148d75e30946bd30d97967e5729a4e,6141016,2026-08-18 04:02:04.337862,1.2.0,2cd41fb8fe145e88eb32b157372ff6893f5c22bb
SPMS9708.dbc,1997,08,MS,65588,16,16,bc66b34c5fb2d408975627338ca8664a,791910,2026-08-18 04:02:04.807258,1.2.0,2cd41fb8fe145e88eb32b157372ff6893f5c22bb
SPMT9708.dbc,1997,08,MT,65362,16,16,de207cfc964d49d6279b5d4fbebf483c,744099,2026-08-18 04:02:05.248118,1.2.0,2cd41fb8fe145e88eb32b157372ff6893f5c22bb
SPPA9708.dbc,1997,08,PA,134644,16,16,1ea6e99a69145b15be92f089d1c7fc94,1415476,2026-08-18 04:02:06.061501,1.2.0,2cd41fb8fe145e88eb32b157372ff6893f5c22bb
SPPB9708.dbc,1997,08,PB,89434,16,16,c86fa957a42e9a13c480b8ce3c104d68,964564,2026-08-18 04:02:06.615607,1.2.0,2cd41fb8fe145e88eb32b157372ff6893f5c22bb
SPPE9708.dbc,1997,08,PE,194056,16,16,4d8b50bcc5e1fb05014d515afe00c5ee,2165330,2026-08-18 04:02:07.705385,1.2.0,2cd41fb8fe145e88eb32b157372ff6893f5c22bb
SPPI9708.dbc,1997,08,PI,54865,16,16,96f434750e1c424bf4c40305a4051fb5,657687,2026-08-18 04:02:08.125706,1.2.0,2cd41fb8fe145e88eb32b157372ff6893f5c22bb
SPPR9708.dbc,1997,08,PR,317748,16,16,4522e876fcaaa0df66cc476ae3becd4f,3911251,2026-08-18 04:02:10.064017,1.2.0,2cd41fb8fe145e88eb32b157372ff6893f5c22bb
SPRJ9708.dbc,1997,08,RJ,373715,16,16,e1efa3933b0a47e1937fa2cee23465ea,4039218,2026-08-18 04:02:12.186109,1.2.0,2cd41fb8fe145e88eb32b157372ff6893f5c22bb
SPRN9708.dbc,1997,08,RN,41528,16,16,eb7d5048bd04cf63b88a877acd23705d,496321,2026-08-18 04:02:12.506669,1.2.0,2cd41fb8fe145e88eb32b157372ff6893f5c22bb
SPRO9708.dbc,1997,08,RO,26283,16,16,84c4fa0d7621ad2a620b9526a50f28a9,275302,2026-08-18 04:02:12.745027,1.2.0,2cd41fb8fe145e88eb32b157372ff6893f5c22bb
SPRR9708.dbc,1997,08,RR,1857,16,16,11ac1813a94103dd2d88c5e341de0a93,24283,2026-08-18 04:02:12.853109,1.2.0,2cd41fb8fe145e88eb32b157372ff6893f5c22bb
SPRS9708.dbc,1997,08,RS,392205,16,16,14c70e54ccf0ffe74b1fbb13e48fad39,4438431,2026-08-18 04:02:15.084195,1.2.0,2cd41fb8fe145e88eb32b157372ff6893f5c22bb
SPSC9708.dbc,1997,08,SC,169509,16,16,884dfc2ce40c22354c8db3b880265c05,2107236,2026-08-18 04:02:16.05687,1.2.0,2cd41fb8fe145e88eb32b157372ff6893f5c22bb
SPSE9708.dbc,1997,08,SE,33930,16,16,c1c32a2501775b9ae801aa9b5c8af411,439244,2026-08-18 04:02:16.337688,1.2.0,2cd41fb8fe145e88eb32b157372ff6893f5c22bb
SPSP9708.dbc,1997,08,SP,1080945,16,16,6846e25a61ec68aed99df0405a62d92d,12714787,2026-08-18 04:02:22.626079,1.2.0,2cd41fb8fe145e88eb32b157372ff6893f5c22bb
SPTO9708.dbc,1997,08,TO,29991,16,16,4af89eb1fdb43b8be51183039fccfb7c,342955,2026-08-18 04:02:22.872457,1.2.0,2cd41fb8fe145e88eb32b157372ff6893f5c22bb
SPAC9709.dbc,1997,09,AC,8400,16,16,d3ffea7da9c75bb08eac3a201ef9f66c,96227,2026-08-18 04:02:35.730017,1.2.0,2cd41fb8fe145e88eb32b157372ff6893f5c22bb
SPAL9709.dbc,1997,09,AL,58234,16,16,59f918fcf336fe702fd1a1fc02d4ba86,700126,2026-08-18 04:02:36.162023,1.2.0,2cd41fb8fe145e88eb32b157372ff6893f5c22bb
SPAM9709.dbc,1997,09,AM,30427,16,16,414b4e4b6c24a7cc3a0942095a22951b,318475,2026-08-18 04:02:36.428169,1.2.0,2cd41fb8fe145e88eb32b157372ff6893f5c22bb
SPAP9709.dbc,1997,09,AP,4837,16,16,8bcd6925ed74ac92dfd89feaf059e23c,56344,2026-08-18 04:02:36.580809,1.2.0,2cd41fb8fe145e88eb32b157372ff6893f5c22bb
SPBA9709.dbc,1997,09,BA,249713,16,16,3e88d801e9ec2dafdf99fab6a8915295,2762423,2026-08-18 04:02:38.048322,1.2.0,2cd41fb8fe145e88eb32b157372ff6893f5c22bb
SPCE9709.dbc,1997,09,CE,164660,16,16,2d775b7b8e70f165f67b651905e58789,1893282,2026-08-18 04:02:38.988258,1.2.0,2cd41fb8fe145e88eb32b157372ff6893f5c22bb
SPDF9709.dbc,1997,09,DF,83516,16,16,fa8ac747eef94fb61411b28379a51b73,879860,2026-08-18 04:02:39.533188,1.2.0,2cd41fb8fe145e88eb32b157372ff6893f5c22bb
SPES9709.dbc,1997,09,ES,75348,16,16,bbd4043136a7dc4f12d909bbdd55ae27,894797,2026-08-18 04:02:40.01957,1.2.0,2cd41fb8fe145e88eb32b157372ff6893f5c22bb
SPGO9709.dbc,1997,09,GO,120371,16,16,3165d9346cffd385d118ef15ecce0577,1421074,2026-08-18 04:02:40.728716,1.2.0,2cd41fb8fe145e88eb32b157372ff6893f5c22bb
SPMA9709.dbc,1997,09,MA,111637,16,16,7a2114f529580e223f1e38edcafbe902,1177275,2026-08-18 04:02:41.409409,1.2.0,2cd41fb8fe145e88eb32b157372ff6893f5c22bb
SPMG9709.dbc,1997,09,MG,541309,16,16,945ae40c46242405f18fec0fe011edfc,6563613,2026-08-18 04:02:44.718471,1.2.0,2cd41fb8fe145e88eb32b157372ff6893f5c22bb
SPMS9709.dbc,1997,09,MS,64439,16,16,aa1bf53b32cbc5be66698e3b15dcb2e3,771082,2026-08-18 04:02:45.201407,1.2.0,2cd41fb8fe145e88eb32b157372ff6893f5c22bb
SPMT9709.dbc,1997,09,MT,66479,16,16,6e4adfd75e0c23b05f6006ec17069e4c,747200,2026-08-18 04:02:45.648572,1.2.0,2cd41fb8fe145e88eb32b157372ff6893f5c22bb
SPPA9709.dbc,1997,09,PA,137584,16,16,9a6ec969636513abc9874955fcc711c0,1459201,2026-08-18 04:02:46.466896,1.2.0,2cd41fb8fe145e88eb32b157372ff6893f5c22bb
SPPB9709.dbc,1997,09,PB,86427,16,16,36f6d87efacf8d6ef4cf25f32e75fbb4,925553,2026-08-18 04:02:47.019423,1.2.0,2cd41fb8fe145e88eb32b157372ff6893f5c22bb
SPPE9709.dbc,1997,09,PE,188093,16,16,6fb17740df87fdcf9d0c31c7329b8c5e,2087587,2026-08-18 04:02:48.124138,1.2.0,2cd41fb8fe145e88eb32b157372ff6893f5c22bb
SPPI9709.dbc,1997,09,PI,52712,16,16,de8093dd1cabfca287dc71a2e6559e74,633378,2026-08-18 04:02:48.530415,1.2.0,2cd41fb8fe145e88eb32b157372ff6893f5c22bb
SPPR9709.dbc,1997,09,PR,343108,16,16,e9b7fe7422269eaddc318daec65f3768,4234912,2026-08-18 04:02:50.551284,1.2.0,2cd41fb8fe145e88eb32b157372ff6893f5c22bb
SPRJ9709.dbc,1997,09,RJ,369751,16,16,4dbc8dbf0ee44658034df2e0077953cb,3992424,2026-08-18 04:02:52.684245,1.2.0,2cd41fb8fe145e88eb32b157372ff6893f5c22bb
SPRN9709.dbc,1997,09,RN,40030,16,16,22d81cdd8d82c2744e605f3899f446e8,478851,2026-08-18 04:02:53.003418,1.2.0,2cd41fb8fe145e88eb32b157372ff6893f5c22bb
SPRO9709.dbc,1997,09,RO,24329,16,16,332f495227080bbda7f3ea32c0ee93f3,254948,2026-08-18 04:02:53.234146,1.2.0,2cd41fb8fe145e88eb32b157372ff6893f5c22bb
SPRR9709.dbc,1997,09,RR,2109,16,16,5f091d745ffcc8790442248be2595e19,25009,2026-08-18 04:02:53.349099,1.2.0,2cd41fb8fe145e88eb32b157372ff6893f5c22bb
SPRS9709.dbc,1997,09,RS,389598,16,16,16f3ae694953dcd01853ba729c59de87,4414349,2026-08-18 04:02:55.626984,1.2.0,2cd41fb8fe145e88eb32b157372ff6893f5c22bb
SPSC9709.dbc,1997,09,SC,167763,16,16,1f8ed81ef60f8fba88ba078a5b4aa532,2090318,2026-08-18 04:02:56.591246,1.2.0,2cd41fb8fe145e88eb32b157372ff6893f5c22bb
SPSE9709.dbc,1997,09,SE,33511,16,16,c9a5d2671d1058dd63a3d3c27bae5c79,429807,2026-08-18 04:02:56.865421,1.2.0,2cd41fb8fe145e88eb32b157372ff6893f5c22bb
SPSP9709.dbc,1997,09,SP,1093952,16,16,2bede7d4704297da5b532aed3ec6e0d1,12810624,2026-08-18 04:03:03.220634,1.2.0,2cd41fb8fe145e88eb32b157372ff6893f5c22bb
SPTO9709.dbc,1997,09,TO,29361,16,16,a356b5e54fcffb964847701c653b877b,334242,2026-08-18 04:03:03.469298,1.2.0,2cd41fb8fe145e88eb32b157372ff6893f5c22bb
SPAC9710.dbc,1997,10,AC,9345,16,16,58df7d489f19d1343dc4154e0f573743,108331,2026-08-18 04:03:16.945025,1.2.0,2cd41fb8fe145e88eb32b157372ff6893f5c22bb
SPAL9710.dbc,1997,10,AL,57357,16,16,d096eaecc9706e273f8ee990497899e0,705763,2026-08-18 04:03:17.362156,1.2.0,2cd41fb8fe145e88eb32b157372ff6893f5c22bb
SPAM9710.dbc,1997,10,AM,29879,16,16,72780440c20020e7ee13d5a6bde6264d,312680,2026-08-18 04:03:17.615635,1.2.0,2cd41fb8fe145e88eb32b157372ff6893f5c22bb
SPAP9710.dbc,1997,10,AP,6743,16,16,02899f1e69b0e76631e975b957484751,71177,2026-08-18 04:03:17.751556,1.2.0,2cd41fb8fe145e88eb32b157372ff6893f5c22bb
SPBA9710.dbc,1997,10,BA,259956,16,16,c68b60e428224e3a0f4933a8fe83ff9a,2887498,2026-08-18 04:03:19.30017,1.2.0,2cd41fb8fe145e88eb32b157372ff6893f5c22bb
SPCE9710.dbc,1997,10,CE,163364,16,16,772ac0e5a5196b2899a70e04250e1cc8,1889003,2026-08-18 04:03:20.257234,1.2.0,2cd41fb8fe145e88eb32b157372ff6893f5c22bb
SPDF9710.dbc,1997,10,DF,74114,16,16,dd298664f71ff3f40b02d25f76ad3892,783540,2026-08-18 04:03:20.729314,1.2.0,2cd41fb8fe145e88eb32b157372ff6893f5c22bb
SPES9710.dbc,1997,10,ES,62088,16,16,693d6488ab79d4c300ee87a3e4e72647,744821,2026-08-18 04:03:21.180457,1.2.0,2cd41fb8fe145e88eb32b157372ff6893f5c22bb
SPGO9710.dbc,1997,10,GO,117649,16,16,6120a23b9ddb5ddf39558b3e66099253,1372834,2026-08-18 04:03:21.926477,1.2.0,2cd41fb8fe145e88eb32b157372ff6893f5c22bb
SPMA9710.dbc,1997,10,MA,110909,16,16,cdb7d2f591365156c528b4b4af4a9f5d,1167427,2026-08-18 04:03:22.641947,1.2.0,2cd41fb8fe145e88eb32b157372ff6893f5c22bb
SPMG9710.dbc,1997,10,MG,537129,16,16,4af15ce43678ea065b59e306ee59ce79,6527212,2026-08-18 04:03:25.878999,1.2.0,2cd41fb8fe145e88eb32b157372ff6893f5c22bb
SPMS9710.dbc,1997,10,MS,62675,16,16,748682939850bfefc22a6c5d71fc968f,761191,2026-08-18 04:03:26.306844,1.2.0,2cd41fb8fe145e88eb32b157372ff6893f5c22bb
SPMT9710.dbc,1997,10,MT,65418,16,16,09734fe788031800f81de600d161d170,752384,2026-08-18 04:03:26.760171,1.2.0,2cd41fb8fe145e88eb32b157372ff6893f5c22bb
SPPA9710.dbc,1997,10,PA,135126,16,16,a8d4e4bc85473ffac0ab69a2ef214cf6,1433805,2026-08-18 04:03:27.584002,1.2.0,2cd41fb8fe145e88eb32b157372ff6893f5c22bb
SPPB9710.dbc,1997,10,PB,90167,16,16,856b982c93ab14c3f2b984e72f42b22e,963814,2026-08-18 04:03:28.199041,1.2.0,2cd41fb8fe145e88eb32b157372ff6893f5c22bb
SPPE9710.dbc,1997,10,PE,188721,16,16,1483e1907af9643209290277a5390237,2108243,2026-08-18 04:03:29.269257,1.2.0,2cd41fb8fe145e88eb32b157372ff6893f5c22bb
SPPI9710.dbc,1997,10,PI,56405,16,16,aa5ea12ad9a125397b217e9ae6dddb69,684575,2026-08-18 04:03:29.670685,1.2.0,2cd41fb8fe145e88eb32b157372ff6893f5c22bb
SPPR9710.dbc,1997,10,PR,340245,16,16,311685d5df9c47bb5061a7e3b8c5502e,4189392,2026-08-18 04:03:31.671207,1.2.0,2cd41fb8fe145e88eb32b157372ff6893f5c22bb
SPRJ9710.dbc,1997,10,RJ,383794,16,16,f7556eb0cc3b6cef032e1f3e2ed8e48c,4128447,2026-08-18 04:03:33.856736,1.2.0,2cd41fb8fe145e88eb32b157372ff6893f5c22bb
SPRN9710.dbc,1997,10,RN,42025,16,16,5e339a80b5eb4ea3ad725ba89e5d037e,504649,2026-08-18 04:03:34.182608,1.2.0,2cd41fb8fe145e88eb32b157372ff6893f5c22bb
SPRO9710.dbc,1997,10,RO,23753,16,16,596fa6c19a171bef866823e96a2de86e,247135,2026-08-18 04:03:34.427141,1.2.0,2cd41fb8fe145e88eb32b157372ff6893f5c22bb
SPRS9710.dbc,1997,10,RS,365285,16,16,474442dacf59e0d18eb0d3a377cf6c68,4363318,2026-08-18 04:03:36.525402,1.2.0,2cd41fb8fe145e88eb32b157372ff6893f5c22bb
SPSC9710.dbc,1997,10,SC,168998,16,16,eee8bf2ab6f5a55f937297466edde7eb,2113397,2026-08-18 04:03:37.530012,1.2.0,2cd41fb8fe145e88eb32b157372ff6893f5c22bb
SPSE9710.dbc,1997,10,SE,33188,16,16,d202e0a73801d3b3947ade9acdf178da,430963,2026-08-18 04:03:37.804145,1.2.0,2cd41fb8fe145e88eb32b157372ff6893f5c22bb
SPSP9710.dbc,1997,10,SP,1100892,16,16,b0bd8dcd932b2627dba54f26e8526b98,12943977,2026-08-18 04:03:44.437393,1.2.0,2cd41fb8fe145e88eb32b157372ff6893f5c22bb
SPTO9710.dbc,1997,10,TO,29106,16,16,393f9484ed7c36aaa4fdb9ca856a2499,337421,2026-08-18 04:03:44.722698,1.2.0,2cd41fb8fe145e88eb32b157372ff6893f5c22bb
SPAC9711.dbc,1997,11,AC,8137,16,16,aac7d88b475e57c993fae5a3ac928ad8,94577,2026-08-18 04:03:57.080646,1.2.0,2cd41fb8fe145e88eb32b157372ff6893f5c22bb
SPAL9711.dbc,1997,11,AL,56532,16,16,e5934dcc1c042aed832bfa44086b8aef,674242,2026-08-18 04:03:57.480175,1.2.0,2cd41fb8fe145e88eb32b157372ff6893f5c22bb
SPAM9711.dbc,1997,11,AM,32285,16,16,93a8242c61e5c0ad6473436a117d513f,336308,2026-08-18 04:03:57.776468,1.2.0,2cd41fb8fe145e88eb32b157372ff6893f5c22bb
SPAP9711.dbc,1997,11,AP,4971,16,16,5db2d87002a678dd425f5133410c624d,52763,2026-08-18 04:03:57.894521,1.2.0,2cd41fb8fe145e88eb32b157372ff6893f5c22bb
SPBA9711.dbc,1997,11,BA,253669,16,16,c9b00fbfbe44c11908e5a002de3d7226,2802880,2026-08-18 04:03:59.435082,1.2.0,2cd41fb8fe145e88eb32b157372ff6893f5c22bb
SPCE9711.dbc,1997,11,CE,161928,16,16,688a8ca702e175aff913c4f594462634,1869406,2026-08-18 04:04:00.384965,1.2.0,2cd41fb8fe145e88eb32b157372ff6893f5c22bb
SPDF9711.dbc,1997,11,DF,74954,16,16,26a9458833e8bd4a9bf88ab1d1ea937d,792283,2026-08-18 04:04:00.854822,1.2.0,2cd41fb8fe145e88eb32b157372ff6893f5c22bb
SPES9711.dbc,1997,11,ES,66695,16,16,1b43afbdbff24ed7fdf2e2b18eeda71a,794422,2026-08-18 04:04:01.295424,1.2.0,2cd41fb8fe145e88eb32b157372ff6893f5c22bb
SPGO9711.dbc,1997,11,GO,115806,16,16,5f4c7b260f2dcaa8245e367a5bf5c5fe,1354167,2026-08-18 04:04:01.990345,1.2.0,2cd41fb8fe145e88eb32b157372ff6893f5c22bb
SPMA9711.dbc,1997,11,MA,114477,16,16,fb52885300ac0331dfc10741fa67a312,1201104,2026-08-18 04:04:02.689029,1.2.0,2cd41fb8fe145e88eb32b157372ff6893f5c22bb
SPMG9711.dbc,1997,11,MG,501950,16,16,e15e6503b82fcfc8a664d109eb9fc3ef,6077911,2026-08-18 04:04:06.032118,1.2.0,2cd41fb8fe145e88eb32b157372ff6893f5c22bb
SPMS9711.dbc,1997,11,MS,64408,16,16,507cb01652e16b6c85d760949ef1deb9,762243,2026-08-18 04:04:06.467582,1.2.0,2cd41fb8fe145e88eb32b157372ff6893f5c22bb
SPMT9711.dbc,1997,11,MT,64785,16,16,d72d0ffcaf2b27e4608ce205055affb8,736775,2026-08-18 04:04:06.919903,1.2.0,2cd41fb8fe145e88eb32b157372ff6893f5c22bb
SPPA9711.dbc,1997,11,PA,138752,16,16,0ed0108acca4468fa158d9a5b7948ab0,1458286,2026-08-18 04:04:07.764329,1.2.0,2cd41fb8fe145e88eb32b157372ff6893f5c22bb
SPPB9711.dbc,1997,11,PB,88446,16,16,44a1f9d1386fa6bd8daae0a5311fed78,957454,2026-08-18 04:04:08.33597,1.2.0,2cd41fb8fe145e88eb32b157372ff6893f5c22bb
SPPE9711.dbc,1997,11,PE,190737,16,16,9c6c185a2fe012594bc273baf8cb1f29,2143333,2026-08-18 04:04:09.478636,1.2.0,2cd41fb8fe145e88eb32b157372ff6893f5c22bb
SPPI9711.dbc,1997,11,PI,54693,16,16,a446c2c57a00e20570b30bb7c091bca8,660816,2026-08-18 04:04:09.914596,1.2.0,2cd41fb8fe145e88eb32b157372ff6893f5c22bb
SPPR9711.dbc,1997,11,PR,308165,16,16,245f8a35c1151d93509b3e26948ae0f4,3822010,2026-08-18 04:04:11.736217,1.2.0,2cd41fb8fe145e88eb32b157372ff6893f5c22bb
SPRJ9711.dbc,1997,11,RJ,367592,16,16,158efffdbdcfb7614cdf3fafdc4854b1,3968090,2026-08-18 04:04:13.975201,1.2.0,2cd41fb8fe145e88eb32b157372ff6893f5c22bb
SPRN9711.dbc,1997,11,RN,41152,16,16,6cbe6067037b8ba04f4585a8c3119ddb,490856,2026-08-18 04:04:14.288078,1.2.0,2cd41fb8fe145e88eb32b157372ff6893f5c22bb
SPRO9711.dbc,1997,11,RO,23213,16,16,d458e9611494f9aa9f5576ee4d30a143,241748,2026-08-18 04:04:14.512446,1.2.0,2cd41fb8fe145e88eb32b157372ff6893f5c22bb
SPRS9711.dbc,1997,11,RS,367753,16,16,f66e9cfff8ccdc206b84330c34c926fc,4310748,2026-08-18 04:04:16.629704,1.2.0,2cd41fb8fe145e88eb32b157372ff6893f5c22bb
SPSC9711.dbc,1997,11,SC,155066,16,16,8aca31e3d98024d09cf4de16f1a657f6,1934019,2026-08-18 04:04:17.548055,1.2.0,2cd41fb8fe145e88eb32b157372ff6893f5c22bb
SPSE9711.dbc,1997,11,SE,32178,16,16,d3f6a2a34554cfe2c5a8786609c753b6,419273,2026-08-18 04:04:17.817055,1.2.0,2cd41fb8fe145e88eb32b157372ff6893f5c22bb
SPSP9711.dbc,1997,11,SP,1070360,16,16,973c92e5d8d4303573aa9a512f9b524a,12600871,2026-08-18 04:04:24.304441,1.2.0,2cd41fb8fe145e88eb32b157372ff6893f5c22bb
SPTO9711.dbc,1997,11,TO,29175,16,16,7ed1d331e0eabcdca548702fb1be7f20,335976,2026-08-18 04:04:24.550312,1.2.0,2cd41fb8fe145e88eb32b157372ff6893f5c22bb
SPAC9712.dbc,1997,12,AC,7815,16,16,31da020770ead3ce118b04d2f861fcf0,92037,2026-08-18 04:04:37.478866,1.2.0,2cd41fb8fe145e88eb32b157372ff6893f5c22bb
SPAL9712.dbc,1997,12,AL,59674,16,16,8f3e51f9a05da38ad7280a45ce8f2325,725844,2026-08-18 04:04:37.903677,1.2.0,2cd41fb8fe145e88eb32b157372ff6893f5c22bb
SPAM9712.dbc,1997,12,AM,28554,16,16,3c3db5f89aa9b7ade3f8c3a634047336,297684,2026-08-18 04:04:38.156572,1.2.0,2cd41fb8fe145e88eb32b157372ff6893f5c22bb
SPAP9712.dbc,1997,12,AP,5759,16,16,2e9187a5cb57e14f5004351c2a11e0e5,60671,2026-08-18 04:04:38.293557,1.2.0,2cd41fb8fe145e88eb32b157372ff6893f5c22bb
SPBA9712.dbc,1997,12,BA,237883,16,16,d7bbe528a346335f6175d9ada6af66ef,2611859,2026-08-18 04:04:39.738875,1.2.0,2cd41fb8fe145e88eb32b157372ff6893f5c22bb
SPCE9712.dbc,1997,12,CE,156775,16,16,f94684bace8d48e81c98a6262ade906a,1816330,2026-08-18 04:04:40.682404,1.2.0,2cd41fb8fe145e88eb32b157372ff6893f5c22bb
SPDF9712.dbc,1997,12,DF,60033,16,16,e0c6690e57a598f905e32ac7409e66be,633472,2026-08-18 04:04:41.080185,1.2.0,2cd41fb8fe145e88eb32b157372ff6893f5c22bb
SPES9712.dbc,1997,12,ES,71974,16,16,99159f8f49d4fcbedf57714e34213c03,852853,2026-08-18 04:04:41.553206,1.2.0,2cd41fb8fe145e88eb32b157372ff6893f5c22bb
SPGO9712.dbc,1997,12,GO,117171,16,16,489c65924755cd25ca29e5b965b8720d,1371442,2026-08-18 04:04:42.309018,1.2.0,2cd41fb8fe145e88eb32b157372ff6893f5c22bb
SPMA9712.dbc,1997,12,MA,107350,16,16,0a4f91b1d3b7c14564b6235b8115b35c,1120417,2026-08-18 04:04:42.978079,1.2.0,2cd41fb8fe145e88eb32b157372ff6893f5c22bb
SPMG9712.dbc,1997,12,MG,486216,16,16,68d7436caa8bb43d7af60a5405661dcf,5864769,2026-08-18 04:04:45.939868,1.2.0,2cd41fb8fe145e88eb32b157372ff6893f5c22bb
SPMS9712.dbc,1997,12,MS,59902,16,16,15b7a23ae68ef68ead95325eb7280476,725268,2026-08-18 04:04:46.348185,1.2.0,2cd41fb8fe145e88eb32b157372ff6893f5c22bb
SPMT9712.dbc,1997,12,MT,64498,16,16,e323913c013c4b2476a8f063ac1d42c6,737218,2026-08-18 04:04:46.801799,1.2.0,2cd41fb8fe145e88eb32b157372ff6893f5c22bb
SPPA9712.dbc,1997,12,PA,134603,16,16,b1083b2cbd492d31c8c858fa5d53d1b2,1417781,2026-08-18 04:04:47.591265,1.2.0,2cd41fb8fe145e88eb32b157372ff6893f5c22bb
SPPB9712.dbc,1997,12,PB,84316,16,16,bf006c963dc94c2bd6181b7c831788ae,894599,2026-08-18 04:04:48.124009,1.2.0,2cd41fb8fe145e88eb32b157372ff6893f5c22bb
SPPE9712.dbc,1997,12,PE,189852,16,16,b78f9e2e92e427cab780ef0d0364e370,2134998,2026-08-18 04:04:49.220626,1.2.0,2cd41fb8fe145e88eb32b157372ff6893f5c22bb
SPPI9712.dbc,1997,12,PI,52619,16,16,c05aa346a935173fedf8e5b6f084b529,632958,2026-08-18 04:04:49.60486,1.2.0,2cd41fb8fe145e88eb32b157372ff6893f5c22bb
SPPR9712.dbc,1997,12,PR,301500,16,16,77ce1412ab0fb7867764d053749bdbdc,3726386,2026-08-18 04:04:51.436232,1.2.0,2cd41fb8fe145e88eb32b157372ff6893f5c22bb
SPRJ9712.dbc,1997,12,RJ,350575,16,16,b0b0de5be8d4cd32e2c3493ce90b7a5f,3760584,2026-08-18 04:04:53.51934,1.2.0,2cd41fb8fe145e88eb32b157372ff6893f5c22bb
SPRN9712.dbc,1997,12,RN,40350,16,16,33ac72e224d65c08dacbe19066dcc4f3,482059,2026-08-18 04:04:53.83092,1.2.0,2cd41fb8fe145e88eb32b157372ff6893f5c22bb
SPRO9712.dbc,1997,12,RO,23014,16,16,5cb330704a7138caad141bfac61e3e51,239820,2026-08-18 04:04:54.05342,1.2.0,2cd41fb8fe145e88eb32b157372ff6893f5c22bb
SPRR9712.dbc,1997,12,RR,20,16,16,0c27d764a073a36c7d64f5dd0d58260f,874,2026-08-18 04:04:54.151058,1.2.0,2cd41fb8fe145e88eb32b157372ff6893f5c22bb
SPRS9712.dbc,1997,12,RS,370205,16,16,2079fb4959c29430d44c0f544272d3f3,4350380,2026-08-18 04:04:56.341969,1.2.0,2cd41fb8fe145e88eb32b157372ff6893f5c22bb
SPSC9712.dbc,1997,12,SC,156523,16,16,5ec1f644997dacb8b32642798ee4fc88,1949729,2026-08-18 04:04:57.250343,1.2.0,2cd41fb8fe145e88eb32b157372ff6893f5c22bb
SPSE9712.dbc,1997,12,SE,31973,16,16,175a4e90cb3cb52b62fe32f1f9f67939,410491,2026-08-18 04:04:57.512373,1.2.0,2cd41fb8fe145e88eb32b157372ff6893f5c22bb
SPSP9712.dbc,1997,12,SP,1035339,16,16,5028667638534fa3e03187422f05e056,12137291,2026-08-18 04:05:03.59007,1.2.0,2cd41fb8fe145e88eb32b157372ff6893f5c22bb
SPTO9712.dbc,1997,12,TO,28028,16,16,eeae6d57bc1d9d601522cef2a95f1d95,324654,2026-08-18 04:05:03.837269,1.2.0,2cd41fb8fe145e88eb32b157372ff6893f5c22bb
SPAC9801.dbc,1998,01,AC,7200,16,16,cd07a03054e5f1dda114d3d534199f5f,83542,2026-08-18 04:05:16.96832,1.2.0,2cd41fb8fe145e88eb32b157372ff6893f5c22bb
SPAL9801.dbc,1998,01,AL,60176,16,16,340bc93e6151b0d13a587d88790d051b,726915,2026-08-18 04:05:17.379734,1.2.0,2cd41fb8fe145e88eb32b157372ff6893f5c22bb
SPAM9801.dbc,1998,01,AM,29231,16,16,767ddff376bef737d1d6485d4c261f1f,297386,2026-08-18 04:05:17.625189,1.2.0,2cd41fb8fe145e88eb32b157372ff6893f5c22bb
SPAP9801.dbc,1998,01,AP,5712,16,16,65d73d35495b9d596c3535782cded392,60171,2026-08-18 04:05:17.747149,1.2.0,2cd41fb8fe145e88eb32b157372ff6893f5c22bb
SPBA9801.dbc,1998,01,BA,243403,16,16,592926d90b22ec3c9cec02b7b4f27371,2665447,2026-08-18 04:05:19.156268,1.2.0,2cd41fb8fe145e88eb32b157372ff6893f5c22bb
SPCE9801.dbc,1998,01,CE,155811,16,16,005e6cc0a46e4be727107d2a08ee53f9,1785997,2026-08-18 04:05:20.057781,1.2.0,2cd41fb8fe145e88eb32b157372ff6893f5c22bb
SPDF9801.dbc,1998,01,DF,61172,16,16,e183d9fd58412baa63f8e0c6bbc91969,639036,2026-08-18 04:05:20.453145,1.2.0,2cd41fb8fe145e88eb32b157372ff6893f5c22bb
SPES9801.dbc,1998,01,ES,65053,16,16,4f0511cb53683b448d9810015a866643,758019,2026-08-18 04:05:20.880159,1.2.0,2cd41fb8fe145e88eb32b157372ff6893f5c22bb
SPGO9801.dbc,1998,01,GO,114306,16,16,05babaafab1b636616543390be0dbba0,1310766,2026-08-18 04:05:21.56368,1.2.0,2cd41fb8fe145e88eb32b157372ff6893f5c22bb
SPMA9801.dbc,1998,01,MA,106153,16,16,549e49fe8a72da887a2367dfa476e31d,1093074,2026-08-18 04:05:22.196763,1.2.0,2cd41fb8fe145e88eb32b157372ff6893f5c22bb
SPMG9801.dbc,1998,01,MG,503595,16,16,11b05854b131a8a36e918a3dfb047187,6051513,2026-08-18 04:05:25.248869,1.2.0,2cd41fb8fe145e88eb32b157372ff6893f5c22bb
SPMS9801.dbc,1998,01,MS,64106,16,16,287fc402ff1bf701d4fdbaeff3c66a3a,759898,2026-08-18 04:05:25.689646,1.2.0,2cd41fb8fe145e88eb32b157372ff6893f5c22bb
SPMT9801.dbc,1998,01,MT,61777,16,16,c837a2858730ca00026445a5cf98d13a,691790,2026-08-18 04:05:26.125113,1.2.0,2cd41fb8fe145e88eb32b157372ff6893f5c22bb
SPPA9801.dbc,1998,01,PA,139667,16,16,922296c5a0aff5ce83fc8000fc7222c4,1447912,2026-08-18 04:05:26.935408,1.2.0,2cd41fb8fe145e88eb32b157372ff6893f5c22bb
SPPB9801.dbc,1998,01,PB,82208,16,16,efb841fe0188495ed51abb2460f9a6c5,874913,2026-08-18 04:05:27.484133,1.2.0,2cd41fb8fe145e88eb32b157372ff6893f5c22bb
SPPE9801.dbc,1998,01,PE,183408,16,16,3b05e6170f60c67fc7abb07a57795a98,2041188,2026-08-18 04:05:28.551948,1.2.0,2cd41fb8fe145e88eb32b157372ff6893f5c22bb
SPPI9801.dbc,1998,01,PI,50912,16,16,de9d196294ba7b934f9388e714321331,618654,2026-08-18 04:05:28.915352,1.2.0,2cd41fb8fe145e88eb32b157372ff6893f5c22bb
SPPR9801.dbc,1998,01,PR,309099,16,16,db43152750d73e007beb4c7fb1c1244e,3763045,2026-08-18 04:05:30.792776,1.2.0,2cd41fb8fe145e88eb32b157372ff6893f5c22bb
SPRJ9801.dbc,1998,01,RJ,342183,16,16,954d48ad04af5fe44f84e318b00fa3ee,3622705,2026-08-18 04:05:32.797653,1.2.0,2cd41fb8fe145e88eb32b157372ff6893f5c22bb
SPRN9801.dbc,1998,01,RN,38313,16,16,53997e8dd1bb99b1a750f8dd423b0d40,456043,2026-08-18 04:05:33.094949,1.2.0,2cd41fb8fe145e88eb32b157372ff6893f5c22bb
SPRO9801.dbc,1998,01,RO,17186,16,16,4a50e8bd7ecf58d770755035730cbbfb,178857,2026-08-18 04:05:33.287259,1.2.0,2cd41fb8fe145e88eb32b157372ff6893f5c22bb
SPRR9801.dbc,1998,01,RR,1821,16,16,6c9450961a14e6a16695d842ea3c986d,19245,2026-08-18 04:05:33.390365,1.2.0,2cd41fb8fe145e88eb32b157372ff6893f5c22bb
SPRS9801.dbc,1998,01,RS,354010,16,16,db34d5565dabe47974b06e5a3803412b,4155998,2026-08-18 04:05:35.574438,1.2.0,2cd41fb8fe145e88eb32b157372ff6893f5c22bb
SPSC9801.dbc,1998,01,SC,157900,16,16,947b87af8fb5d58260bebf262aa109b2,1952968,2026-08-18 04:05:36.505648,1.2.0,2cd41fb8fe145e88eb32b157372ff6893f5c22bb
SPSE9801.dbc,1998,01,SE,33039,16,16,c968db446988d3134116896fad88ee73,429832,2026-08-18 04:05:36.780104,1.2.0,2cd41fb8fe145e88eb32b157372ff6893f5c22bb
SPSP9801.dbc,1998,01,SP,1049987,16,16,fb50628220833e08194173e1a4e9e0bc,12133176,2026-08-18 04:05:42.992805,1.2.0,2cd41fb8fe145e88eb32b157372ff6893f5c22bb
SPTO9801.dbc,1998,01,TO,28388,16,16,5e7b5c5b85d85b40e46410a7726fc3c4,327766,2026-08-18 04:05:43.236675,1.2.0,2cd41fb8fe145e88eb32b157372ff6893f5c22bb
SPAC9802.dbc,1998,02,AC,6866,16,16,a13bc7d998791add6a10963162576e9f,78060,2026-08-18 04:05:57.557374,1.2.0,2cd41fb8fe145e88eb32b157372ff6893f5c22bb
SPAL9802.dbc,1998,02,AL,57820,16,16,1191cb12f417a20f571df28817691498,699210,2026-08-18 04:05:57.983295,1.2.0,2cd41fb8fe145e88eb32b157372ff6893f5c22bb
SPAM9802.dbc,1998,02,AM,30454,16,16,5f7a382eeacc1ab6ad1ec739697d9727,313120,2026-08-18 04:05:58.260123,1.2.0,2cd41fb8fe145e88eb32b157372ff6893f5c22bb
SPAP9802.dbc,1998,02,AP,4368,16,16,38e337646e93b758de3cb78dcbd75381,44803,2026-08-18 04:05:58.37858,1.2.0,2cd41fb8fe145e88eb32b157372ff6893f5c22bb
SPBA9802.dbc,1998,02,BA,249826,16,16,42c4b44c0ca67b7f89d3b5d7aba6b5fc,2723472,2026-08-18 04:05:59.857457,1.2.0,2cd41fb8fe145e88eb32b157372ff6893f5c22bb
SPCE9802.dbc,1998,02,CE,152378,16,16,131898c3baea788115014d4487eeaa6d,1744953,2026-08-18 04:06:00.781937,1.2.0,2cd41fb8fe145e88eb32b157372ff6893f5c22bb
SPDF9802.dbc,1998,02,DF,59264,16,16,08efad3be2cecd8782187e8d15da15fc,616979,2026-08-18 04:06:01.18339,1.2.0,2cd41fb8fe145e88eb32b157372ff6893f5c22bb
SPES9802.dbc,1998,02,ES,67322,16,16,561ae5781e6f40637669922c13e9fa45,798494,2026-08-18 04:06:01.665964,1.2.0,2cd41fb8fe145e88eb32b157372ff6893f5c22bb
SPGO9802.dbc,1998,02,GO,118472,16,16,f27bccc1dd42cee88d0717401713d5a0,1356174,2026-08-18 04:06:02.403127,1.2.0,2cd41fb8fe145e88eb32b157372ff6893f5c22bb
SPMA9802.dbc,1998,02,MA,110975,16,16,430199304b4f30ed663afa40532f56fe,1148958,2026-08-18 04:06:03.083622,1.2.0,2cd41fb8fe145e88eb32b157372ff6893f5c22bb
SPMG9802.dbc,1998,02,MG,470819,16,16,7c11a418c36426649f0a1cfcf3bcfb05,5702646,2026-08-18 04:06:05.939843,1.2.0,2cd41fb8fe145e88eb32b157372ff6893f5c22bb
SPMS9802.dbc,1998,02,MS,61182,16,16,217987ac19b9b4fd3e82a625c46d53af,730410,2026-08-18 04:06:06.353957,1.2.0,2cd41fb8fe145e88eb32b157372ff6893f5c22bb
SPMT9802.dbc,1998,02,MT,65989,16,16,8db61b9c995616eda35091b6e12b2232,743694,2026-08-18 04:06:06.794643,1.2.0,2cd41fb8fe145e88eb32b157372ff6893f5c22bb
SPPA9802.dbc,1998,02,PA,129892,16,16,b637e36787b19d1b8876667e5b4c7af9,1358345,2026-08-18 04:06:07.561952,1.2.0,2cd41fb8fe145e88eb32b157372ff6893f5c22bb
SPPB9802.dbc,1998,02,PB,84463,16,16,2db4b2410701eaa92bddcf57527c2623,886240,2026-08-18 04:06:08.105129,1.2.0,2cd41fb8fe145e88eb32b157372ff6893f5c22bb
SPPE9802.dbc,1998,02,PE,169942,16,16,ab66a6d31de5b35d289efcf32350602c,1899250,2026-08-18 04:06:09.090024,1.2.0,2cd41fb8fe145e88eb32b157372ff6893f5c22bb
SPPI9802.dbc,1998,02,PI,52622,16,16,4434eadd851ba7c016a328368dc0d25e,636987,2026-08-18 04:06:09.456917,1.2.0,2cd41fb8fe145e88eb32b157372ff6893f5c22bb
SPPR9802.dbc,1998,02,PR,293771,16,16,e1e132968e75b34e7f3245df70f97485,3639560,2026-08-18 04:06:11.237308,1.2.0,2cd41fb8fe145e88eb32b157372ff6893f5c22bb
SPRJ9802.dbc,1998,02,RJ,334935,16,16,a04fe6bc3f0c477e73059c03ab1c4f70,3557608,2026-08-18 04:06:13.201161,1.2.0,2cd41fb8fe145e88eb32b157372ff6893f5c22bb
SPRN9802.dbc,1998,02,RN,38120,16,16,92f8af00370f45feb3b8fffe6df8561c,454586,2026-08-18 04:06:13.499912,1.2.0,2cd41fb8fe145e88eb32b157372ff6893f5c22bb
SPRO9802.dbc,1998,02,RO,21795,16,16,2c027f40979cea36a1d94f2134ef5b90,226996,2026-08-18 04:06:13.754377,1.2.0,2cd41fb8fe145e88eb32b157372ff6893f5c22bb
SPRR9802.dbc,1998,02,RR,898,16,16,9601988fe6b69d145786ed2cf7548350,11560,2026-08-18 04:06:13.868164,1.2.0,2cd41fb8fe145e88eb32b157372ff6893f5c22bb
SPRS9802.dbc,1998,02,RS,323861,16,16,c1ddc5a1ef477d62fcb6342b4ef3f2d7,3825524,2026-08-18 04:06:15.762696,1.2.0,2cd41fb8fe145e88eb32b157372ff6893f5c22bb
SPSC9802.dbc,1998,02,SC,149676,16,16,4d687325de18437754b8faccc252d50d,1864014,2026-08-18 04:06:16.679002,1.2.0,2cd41fb8fe145e88eb32b157372ff6893f5c22bb
SPSE9802.dbc,1998,02,SE,30066,16,16,4130f1fc322313e133586fb92012e591,391271,2026-08-18 04:06:16.933647,1.2.0,2cd41fb8fe145e88eb32b157372ff6893f5c22bb
SPSP9802.dbc,1998,02,SP,1018023,16,16,4e12f4b94db2d9c75723a5956d8b1d7e,11806101,2026-08-18 04:06:23.050226,1.2.0,2cd41fb8fe145e88eb32b157372ff6893f5c22bb
SPTO9802.dbc,1998,02,TO,27626,16,16,65213e5010722f635713d61f31d499f5,321196,2026-08-18 04:06:23.287246,1.2.0,2cd41fb8fe145e88eb32b157372ff6893f5c22bb
SPAC9803.dbc,1998,03,AC,8499,16,16,0a1ac152a22b407f6c6ef4b651dec739,99739,2026-08-18 04:06:36.309988,1.2.0,2cd41fb8fe145e88eb32b157372ff6893f5c22bb
SPAL9803.dbc,1998,03,AL,57073,16,16,c6403a157712375ab3b9d92a3fd5fcbd,698108,2026-08-18 04:06:36.716422,1.2.0,2cd41fb8fe145e88eb32b157372ff6893f5c22bb
SPAM9803.dbc,1998,03,AM,31686,16,16,d22f0b5d8939323fb1621cbfca7c81ce,334151,2026-08-18 04:06:36.981399,1.2.0,2cd41fb8fe145e88eb32b157372ff6893f5c22bb
SPAP9803.dbc,1998,03,AP,7516,16,16,2c19da3b95039df5044a3c2206476e29,73947,2026-08-18 04:06:37.135678,1.2.0,2cd41fb8fe145e88eb32b157372ff6893f5c22bb
SPBA9803.dbc,1998,03,BA,266095,16,16,5d793906b3329fe54d3ec5d2b52396be,2911175,2026-08-18 04:06:38.679703,1.2.0,2cd41fb8fe145e88eb32b157372ff6893f5c22bb
SPCE9803.dbc,1998,03,CE,166569,16,16,f714f1db3cec452fec72ac6288ddb340,1895134,2026-08-18 04:06:39.659313,1.2.0,2cd41fb8fe145e88eb32b157372ff6893f5c22bb
SPDF9803.dbc,1998,03,DF,89544,16,16,999454b63c6c0b7886b379efbc9e44d2,903344,2026-08-18 04:06:40.214789,1.2.0,2cd41fb8fe145e88eb32b157372ff6893f5c22bb
SPES9803.dbc,1998,03,ES,74993,16,16,756deaa2bb879d0c1d0269e845883064,882100,2026-08-18 04:06:40.72832,1.2.0,2cd41fb8fe145e88eb32b157372ff6893f5c22bb
SPGO9803.dbc,1998,03,GO,115192,16,16,188704bc0b0371c0f5b32f9b737880d7,1304388,2026-08-18 04:06:41.424519,1.2.0,2cd41fb8fe145e88eb32b157372ff6893f5c22bb
SPMA9803.dbc,1998,03,MA,107863,16,16,b4aedaf74514e2f270b2dc516bce0998,1100261,2026-08-18 04:06:42.115694,1.2.0,2cd41fb8fe145e88eb32b157372ff6893f5c22bb
SPMG9803.dbc,1998,03,MG,525828,16,16,44cd99f26206d09280e0408444e254db,6330674,2026-08-18 04:06:45.340135,1.2.0,2cd41fb8fe145e88eb32b157372ff6893f5c22bb
SPMS9803.dbc,1998,03,MS,62557,16,16,d78ce7492f7b5fb4dcefa1aef8066492,746742,2026-08-18 04:06:45.791067,1.2.0,2cd41fb8fe145e88eb32b157372ff6893f5c22bb
SPMT9803.dbc,1998,03,MT,67626,16,16,2a4e1e29c0cf434145a1b2466848eb5a,763309,2026-08-18 04:06:46.257834,1.2.0,2cd41fb8fe145e88eb32b157372ff6893f5c22bb
SPPA9803.dbc,1998,03,PA,134237,16,16,4c234d57b460071a56631747ab314711,1402106,2026-08-18 04:06:47.075027,1.2.0,2cd41fb8fe145e88eb32b157372ff6893f5c22bb
SPPB9803.dbc,1998,03,PB,88475,16,16,0e77ff486c3a1877c12e9484a987cd4f,932011,2026-08-18 04:06:47.666869,1.2.0,2cd41fb8fe145e88eb32b157372ff6893f5c22bb
SPPE9803.dbc,1998,03,PE,186270,16,16,365af7c47d15cb50f128df22467c007b,2062533,2026-08-18 04:06:48.849241,1.2.0,2cd41fb8fe145e88eb32b157372ff6893f5c22bb
SPPI9803.dbc,1998,03,PI,55636,16,16,6fb0ae21b9e7b5ce876d3a0c4f1f8772,668806,2026-08-18 04:06:49.23685,1.2.0,2cd41fb8fe145e88eb32b157372ff6893f5c22bb
SPPR9803.dbc,1998,03,PR,331682,16,16,468b34274a2b510ff0ed0f67203ea18c,4090983,2026-08-18 04:06:51.239899,1.2.0,2cd41fb8fe145e88eb32b157372ff6893f5c22bb
SPRJ9803.dbc,1998,03,RJ,384384,16,16,8383d2be0f5e4cd0deb818dcde701a55,4079375,2026-08-18 04:06:53.538498,1.2.0,2cd41fb8fe145e88eb32b157372ff6893f5c22bb
SPRN9803.dbc,1998,03,RN,44540,16,16,5ff93c0d6e700aee9dfd39f375439d23,527299,2026-08-18 04:06:53.878943,1.2.0,2cd41fb8fe145e88eb32b157372ff6893f5c22bb
SPRO9803.dbc,1998,03,RO,22269,16,16,825ebdd874ce070d5bba32165cfcdfd6,233828,2026-08-18 04:06:54.134019,1.2.0,2cd41fb8fe145e88eb32b157372ff6893f5c22bb
SPRR9803.dbc,1998,03,RR,6411,16,16,569dfde435c9a8d636ed4164dc384508,73299,2026-08-18 04:06:54.269014,1.2.0,2cd41fb8fe145e88eb32b157372ff6893f5c22bb
SPRS9803.dbc,1998,03,RS,387695,16,16,bad0dc77ed45106417571ac95682f520,4568762,2026-08-18 04:06:56.555772,1.2.0,2cd41fb8fe145e88eb32b157372ff6893f5c22bb
SPSC9803.dbc,1998,03,SC,164909,16,16,218be8d5a7fe10ab31f35e63912e8efd,2050598,2026-08-18 04:06:57.524878,1.2.0,2cd41fb8fe145e88eb32b157372ff6893f5c22bb
SPSE9803.dbc,1998,03,SE,34420,16,16,13aec26588550d53444aa8f94ec8dc6b,439941,2026-08-18 04:06:57.800927,1.2.0,2cd41fb8fe145e88eb32b157372ff6893f5c22bb
SPSP9803.dbc,1998,03,SP,1083340,16,16,135e775cdef6a712db4b7afdd59aace5,12623270,2026-08-18 04:07:04.198529,1.2.0,2cd41fb8fe145e88eb32b157372ff6893f5c22bb
SPTO9803.dbc,1998,03,TO,28453,16,16,066fbbd227e8fdf7ecff1cf8096137f2,326852,2026-08-18 04:07:04.447175,1.2.0,2cd41fb8fe145e88eb32b157372ff6893f5c22bb
